user_id,recommended
1,"[874972, 856942, 940947, 1027569, 1024306]"
2,"[874972, 1106523, 8090521, 981760, 923746]"
3,"[904129, 998206, 1106523, 908531, 859075]"
6,"[948670, 863447, 5569230, 923746, 1022254]"
7,"[970747, 1122358, 1106523, 859075, 859010]"
8,"[874972, 5569230, 1005186, 908531, 979707]"
9,"[12171886, 1029743, 862799, 981760, 908531]"
10,"[1138423, 1106523, 1005186, 981760, 951590]"
13,"[9488065, 1029743, 1038985, 908531, 1027569]"
14,"[6533765, 1029743, 1025611, 923746, 5592931]"
15,"[948670, 1070820, 901666, 1024306, 962568]"
16,"[948670, 13007710, 1100533, 995242, 981760]"
18,"[1065017, 1128477, 1022066, 824005, 865178]"
19,"[6533765, 1029743, 1044078, 951590, 1038217]"
20,"[6533765, 1075368, 1126899, 961554, 859075]"
21,"[6533765, 1029743, 5569135, 923746, 1092026]"
22,"[848029, 1070820, 1104349, 1024306, 903325]"
23,"[958023, 1075368, 1138858, 1101173, 979707]"
24,"[970152, 1106523, 926905, 981760, 951590]"
25,"[958023, 1029743, 1075786, 908531, 951590]"
26,"[6533765, 978129, 8019216, 1096036, 909894]"
27,"[897449, 1029252, 9419470, 995242, 1096036]"
28,"[874972, 1079878, 1112238, 995242, 981760]"
29,"[6533765, 5568378, 891505, 1085604, 908531]"
30,"[1025535, 1106523, 1127831, 845208, 1037863]"
31,"[948239, 1040807, 1062128, 961554, 979707]"
32,"[959737, 8293447, 1105488, 995242, 903325]"
33,"[12810472, 1106523, 1005186, 923746, 1043590]"
34,"[6533765, 993638, 1029743, 951590, 1053690]"
35,"[874972, 1126899, 909472, 923746, 1092026]"
36,"[865233, 1029743, 1097991, 1053690, 859075]"
37,"[6533765, 1067695, 898448, 995242, 981760]"
39,"[970747, 1126899, 1127716, 866172, 1027569]"
40,"[879194, 1112205, 1083043, 1051516, 891954]"
41,"[874972, 909714, 1120009, 995242, 961554]"
42,"[1000753, 839656, 6602697, 995242, 1065593]"
43,"[1038663, 1115800, 952163, 981760, 923746]"
46,"[948670, 1029743, 862335, 961554, 914190]"
47,"[12262778, 6533681, 6533236, 979707, 1133018]"
49,"[901067, 5569471, 1070820, 961554, 1065593]"
50,"[849202, 1005186, 830503, 981760, 951590]"
51,"[874972, 1029743, 1082212, 961554, 979707]"
52,"[1056740, 1109680, 879280, 903325, 914190]"
53,"[906335, 5569471, 6034857, 995242, 981760]"
55,"[874972, 1097280, 1116589, 981760, 1133018]"
56,"[874972, 9803545, 891415, 962568, 914190]"
57,"[13072793, 882305, 1011141, 979707, 961554]"
58,"[970747, 1127831, 1106523, 824005, 1051516]"
59,"[10457471, 957951, 1056509, 995242, 1068719]"
62,"[849202, 279994, 1029743, 981760, 1053690]"
63,"[874972, 1062572, 5588873, 995242, 981760]"
64,"[1013928, 949023, 869024, 1037863, 1068719]"
65,"[1095964, 1070820, 961889, 1053690, 961554]"
67,"[1034176, 971922, 9420067, 916381, 898068]"
68,"[874972, 1029743, 1004906, 1096036, 909894]"
69,"[836445, 1044078, 1044188, 1138189, 883963]"
70,"[6533765, 1003158, 1044153, 1133018, 1053690]"
71,"[874972, 1056509, 828048, 1133018, 923746]"
72,"[874972, 5585510, 8019681, 981760, 1136257]"
75,"[849202, 1029743, 1127831, 981760, 1053690]"
77,"[970747, 1126899, 955921, 1136257, 962568]"
78,"[6533765, 6773232, 1039627, 995242, 909894]"
79,"[1103513, 1070820, 1038550, 961554, 1024306]"
80,"[6533765, 878996, 1055504, 1065593, 860975]"
81,"[6533765, 1029743, 978294, 965766, 985893]"
82,"[849202, 1119761, 1084036, 981760, 1037863]"
83,"[9859217, 1059902, 879393, 1037863, 1024306]"
84,"[904129, 903529, 920025, 908531, 1053690]"
85,"[1000753, 1021519, 854852, 847982, 845208]"
86,"[874972, 865026, 854852, 965766, 847982]"
87,"[1048257, 1079528, 6391089, 981760, 1028816]"
88,"[904129, 8090521, 888104, 859075, 1054262]"
90,"[948670, 942299, 862535, 995242, 981760]"
91,"[874972, 1029743, 989275, 979707, 987562]"
92,"[1000753, 6391089, 871061, 903325, 1024306]"
94,"[874972, 1005186, 933599, 981760, 995242]"
95,"[1088771, 1029743, 922561, 859075, 979707]"
97,"[1034176, 1075368, 1060318, 1068719, 870547]"
98,"[6533765, 847241, 976922, 995242, 1096036]"
99,"[948670, 1029743, 854852, 961554, 923746]"
100,"[849202, 1012587, 1110624, 995242, 951590]"
101,"[6533765, 1106523, 5569845, 908531, 981760]"
103,"[9521787, 1106523, 1105488, 981760, 1053690]"
104,"[874972, 1029743, 933835, 951590, 9526410]"
105,"[6533765, 1005186, 1004906, 1065593, 1062966]"
106,"[983665, 1127179, 896516, 995242, 961554]"
107,"[936322, 7442008, 8090521, 995242, 844165]"
109,"[860248, 12731436, 996955, 824005, 970030]"
110,"[841236, 1044078, 893018, 995242, 1058779]"
111,"[874972, 9677874, 1106523, 961554, 1065593]"
112,"[8019921, 1022066, 1070820, 981760, 908531]"
113,"[970747, 1070820, 976199, 824005, 933637]"
114,"[948670, 1029743, 5568489, 908531, 1054262]"
115,"[849202, 1101010, 983584, 859075, 1053690]"
116,"[1014732, 1013703, 976199, 890610, 1053690]"
117,"[1000753, 854852, 901062, 962568, 847982]"
118,"[874972, 1083043, 893018, 981760, 961554]"
119,"[1092750, 1029743, 5581464, 951590, 1027569]"
121,"[874972, 1029743, 12130522, 844165, 1103629]"
122,"[874972, 5569230, 940947, 981760, 1096036]"
123,"[874972, 1056509, 1126899, 962568, 1068719]"
124,"[5590465, 1106523, 1037840, 1053690, 1068719]"
125,"[874972, 1029743, 834117, 1068719, 914190]"
126,"[836445, 1029743, 1044078, 923746, 1065593]"
127,"[874972, 854852, 1044078, 833025, 1053690]"
128,"[850028, 1098248, 9420337, 995242, 923746]"
131,"[12810391, 1029743, 1075214, 896369, 845208]"
132,"[1108094, 854852, 999198, 981760, 995242]"
133,"[874972, 1127831, 1132771, 914190, 970030]"
134,"[1021324, 823704, 5569845, 890610, 9526410]"
135,"[948670, 959455, 926422, 995242, 981760]"
136,"[904129, 8090521, 949965, 995242, 951590]"
138,"[9419528, 1070820, 1127831, 961554, 859075]"
139,"[1021324, 968695, 1134006, 1133018, 1024306]"
140,"[6533765, 8090521, 1037840, 981760, 1053690]"
141,"[9837365, 866871, 854852, 981760, 995242]"
142,"[849202, 1082212, 997011, 981760, 1053690]"
143,"[5590765, 5569230, 1043920, 847982, 859075]"
146,"[6533765, 1029743, 878996, 923746, 909894]"
151,"[848029, 963365, 9420067, 903325, 962568]"
153,"[6533765, 906655, 916122, 961554, 962568]"
156,"[948670, 1006184, 1005186, 1053690, 1058997]"
157,"[844462, 1046839, 838186, 961554, 1068719]"
158,"[1000753, 1025641, 12731714, 1037863, 1022254]"
159,"[6533765, 1004906, 1106523, 1062966, 1065593]"
160,"[904997, 1005186, 1070820, 981760, 914190]"
161,"[1061522, 935527, 12352054, 914190, 1053690]"
162,"[841565, 1122358, 1029743, 1136257, 1101173]"
164,"[904129, 1029743, 839605, 847982, 1062966]"
166,"[926884, 1075368, 1106523, 923746, 908531]"
167,"[867447, 9297151, 6391163, 981760, 962568]"
168,"[10342382, 1029743, 1088414, 923746, 962568]"
169,"[849202, 1099164, 8119002, 995242, 1053690]"
171,"[874972, 1029743, 1044078, 1065593, 1092026]"
172,"[6533765, 5569230, 1044500, 951590, 1133018]"
174,"[1000753, 1050851, 6602440, 995242, 1037863]"
178,"[849202, 963686, 1040807, 951590, 995242]"
183,"[1100830, 1106523, 8180870, 981760, 923746]"
184,"[874972, 896085, 5572234, 903325, 961554]"
185,"[874972, 1029743, 844179, 981760, 951590]"
187,"[6533765, 983584, 910032, 995242, 923746]"
188,"[917384, 1106523, 1099089, 1043590, 1096036]"
190,"[852015, 1127831, 1012587, 961554, 1136257]"
191,"[948670, 1036347, 5565265, 1058997, 1027569]"
192,"[874972, 5569230, 1029743, 951590, 883932]"
193,"[930486, 1029743, 983584, 1092026, 965766]"
194,"[6533765, 951412, 6391381, 1068719, 951590]"
195,"[848029, 1029743, 1040788, 979707, 1037863]"
196,"[1000753, 1106523, 1037840, 870547, 5592931]"
197,"[874972, 1126899, 9881593, 981760, 908531]"
198,"[1038663, 1005186, 1029743, 1092026, 5592931]"
199,"[6533765, 1005186, 13842100, 981760, 951590]"
200,"[1038663, 823990, 839248, 995242, 981760]"
201,"[850028, 1138292, 5569327, 1096036, 833025]"
202,"[874972, 1029743, 1067494, 951590, 1053690]"
203,"[849202, 1029743, 1005186, 1053690, 908531]"
204,"[948670, 6034857, 1097635, 995242, 981760]"
205,"[936322, 1106523, 1026118, 1037863, 923746]"
208,"[874972, 854133, 879504, 995242, 845208]"
209,"[6533765, 1029743, 957951, 1136257, 1096036]"
210,"[12757425, 1081177, 910473, 923746, 1065593]"
211,"[874972, 847962, 856942, 995242, 9526410]"
212,"[874972, 6533362, 866211, 1068719, 979707]"
213,"[1039455, 5569327, 1044078, 995242, 981760]"
214,"[948670, 901062, 13213453, 1027569, 961554]"
215,"[948670, 6391089, 1005186, 1058997, 903325]"
216,"[974156, 6533936, 927277, 981760, 995242]"
217,"[1000753, 1101959, 906900, 923746, 1037863]"
218,"[878715, 965772, 5589662, 981760, 833025]"
219,"[874972, 1127831, 9653535, 962568, 1022254]"
220,"[874972, 899682, 5574108, 962568, 961554]"
221,"[848029, 1043751, 6424460, 847982, 1065593]"
222,"[874972, 1010308, 999779, 923746, 962568]"
224,"[1025535, 1078478, 1106523, 1038217, 909894]"
225,"[874972, 987122, 850601, 981760, 1092026]"
226,"[829291, 1029743, 933067, 923746, 859075]"
227,"[6533765, 954424, 7166865, 995242, 909894]"
228,"[948670, 5569471, 1139782, 995242, 1024306]"
230,"[874972, 1029743, 8090532, 1068719, 1038217]"
232,"[6533765, 1029743, 1014388, 1053690, 914190]"
233,"[1122255, 1029743, 1098844, 981760, 951590]"
235,"[944018, 983584, 1070820, 961554, 1024306]"
236,"[849202, 1126899, 1014948, 1136257, 833025]"
239,"[948670, 946793, 854852, 995242, 909894]"
240,"[849202, 1201344, 1106523, 981760, 1053690]"
241,"[1021324, 5569845, 6548453, 981760, 995242]"
242,"[874972, 1029743, 1081177, 1068719, 908531]"
243,"[1075007, 1126899, 6034857, 1119051, 865178]"
244,"[6533765, 834117, 964704, 908531, 1065593]"
245,"[12731517, 1029743, 1044078, 1038217, 870547]"
246,"[874972, 1072957, 1070820, 981760, 961554]"
247,"[1000753, 1005186, 9419487, 995242, 1037863]"
248,"[948670, 1126899, 9884484, 961554, 1136257]"
249,"[6919087, 1029743, 916122, 923746, 1038217]"
250,"[874972, 923169, 1056509, 981760, 1101173]"
251,"[874972, 1070820, 1040807, 859075, 1085604]"
252,"[859877, 920191, 1025611, 995242, 981760]"
253,"[836445, 1106523, 965693, 1043590, 883963]"
254,"[948670, 1106523, 12696089, 981760, 1053690]"
256,"[874972, 1101706, 1017195, 995242, 981760]"
257,"[1038663, 1106523, 1093413, 1062966, 1043590]"
258,"[1048257, 906917, 1070820, 1096036, 962568]"
259,"[1055022, 1087605, 832768, 995242, 981760]"
260,"[849202, 1081177, 6904786, 995242, 961554]"
262,"[874972, 1124971, 1008814, 995242, 1065593]"
263,"[1000753, 1029743, 1044078, 1037863, 914190]"
264,"[860248, 5567605, 865174, 1058997, 1027569]"
265,"[874972, 1005186, 8090536, 995242, 962568]"
266,"[874972, 1126899, 1104349, 961554, 970030]"
267,"[6533765, 929373, 935393, 995242, 981760]"
268,"[874972, 834952, 868088, 981760, 859075]"
269,"[5995129, 1139782, 1131438, 923746, 995242]"
270,"[863762, 8090521, 1106523, 981760, 908531]"
271,"[1129049, 986912, 8090532, 995242, 951590]"
273,"[1138423, 6979579, 856818, 923746, 965766]"
274,"[6533765, 993638, 1127838, 1133018, 981760]"
275,"[6533765, 1106523, 918638, 845208, 962568]"
276,"[847803, 825317, 944534, 908531, 914190]"
278,"[917384, 895680, 1138292, 859075, 1101173]"
280,"[1000753, 1106523, 1044078, 1037863, 1043590]"
281,"[874972, 1070820, 854852, 923746, 961554]"
282,"[874972, 5571261, 6464074, 961554, 1046262]"
283,"[984680, 7409644, 940947, 979707, 913785]"
284,"[849202, 1029743, 819978, 951590, 981760]"
285,"[6533765, 928961, 1013389, 845208, 5592931]"
286,"[1115069, 9553154, 866211, 981760, 1133018]"
287,"[997272, 1106523, 10204543, 987562, 5592931]"
288,"[948670, 1070820, 1005456, 962568, 1022254]"
289,"[1048257, 998444, 864279, 1117514, 848071]"
290,"[7160764, 919489, 1012587, 847982, 859075]"
291,"[6533765, 911311, 1005186, 951590, 1068719]"
292,"[1013928, 1043920, 1106523, 908531, 1068719]"
294,"[904129, 1106523, 834117, 859075, 961554]"
297,"[874972, 1075368, 12648296, 1068719, 1053690]"
300,"[874972, 1106523, 835618, 965766, 883932]"
301,"[874972, 1015474, 5565322, 913785, 1027569]"
302,"[849202, 1027168, 5569327, 995242, 908531]"
303,"[848029, 822225, 854852, 9526410, 1068719]"
304,"[904129, 1029743, 9527184, 1029624, 1038217]"
305,"[874972, 1133850, 6463727, 961554, 979707]"
306,"[1000753, 1056509, 838940, 1022254, 833025]"
307,"[1014732, 984176, 993638, 995242, 1065593]"
308,"[874972, 887102, 911401, 981760, 979707]"
311,"[874972, 1106523, 1005186, 981760, 923746]"
312,"[948670, 1122545, 961620, 1058997, 933637]"
314,"[882308, 820486, 1106523, 1068719, 962568]"
316,"[6533765, 1081177, 1044078, 1133018, 923746]"
317,"[874972, 1029743, 983584, 940766, 867188]"
318,"[1021324, 5569230, 1106523, 844165, 951590]"
321,"[830203, 1126899, 1056509, 1022254, 962568]"
322,"[948670, 8090556, 1040807, 1024306, 903325]"
323,"[6533765, 907631, 937292, 1133018, 981760]"
324,"[1048257, 1070820, 901062, 1024306, 865178]"
325,"[874972, 1029743, 965679, 961554, 914190]"
326,"[1013928, 8090521, 1137346, 981760, 951590]"
327,"[1013928, 822115, 844179, 995242, 844165]"
328,"[1048257, 1070820, 972191, 1136257, 1119051]"
329,"[874972, 1005186, 901062, 961554, 951590]"
330,"[874972, 1074040, 1005186, 981760, 923746]"
331,"[874972, 1029743, 983659, 1068719, 923746]"
332,"[970747, 1070820, 1056267, 1053690, 896369]"
333,"[968072, 944534, 986912, 995242, 1037863]"
334,"[948670, 1005186, 1001475, 1058997, 961554]"
338,"[959737, 1026118, 6979393, 1022254, 961554]"
339,"[1038663, 1106523, 896085, 908531, 981760]"
342,"[6533765, 1005186, 1029743, 1068719, 1043590]"
343,"[5995853, 8119231, 1134398, 962568, 961554]"
345,"[848029, 6602697, 1029743, 1039589, 1027569]"
346,"[962615, 1101010, 1029743, 962568, 845208]"
347,"[5593053, 1110409, 1110632, 995242, 981760]"
348,"[6533765, 899624, 1056509, 909894, 844165]"
349,"[874972, 1126899, 1043751, 923746, 962568]"
350,"[12810464, 1091365, 1106523, 965766, 1053690]"
351,"[8020166, 894439, 892573, 995242, 965766]"
353,"[970747, 866211, 839656, 962568, 970030]"
354,"[849202, 1050851, 916122, 908531, 1092026]"
356,"[5590765, 1056402, 834117, 981760, 1096036]"
357,"[1118235, 1126899, 1122358, 962568, 873654]"
358,"[981677, 5569230, 1106523, 923746, 965766]"
360,"[9396767, 8181495, 5568378, 1133018, 923746]"
361,"[848029, 1056509, 1101010, 845208, 9526410]"
362,"[1000753, 1128395, 1126045, 1037863, 995242]"
364,"[917384, 1106523, 850102, 859075, 914190]"
365,"[1000753, 955275, 1062128, 995242, 1037863]"
366,"[874972, 1106523, 1128240, 981760, 923746]"
367,"[9524291, 1070820, 6442594, 981760, 970119]"
369,"[1000753, 878996, 1038745, 1133018, 951590]"
371,"[1054402, 1029743, 919423, 1136257, 916050]"
373,"[947858, 911017, 896862, 995242, 981760]"
374,"[1108094, 1029743, 901062, 1068719, 845208]"
375,"[874972, 1029743, 957164, 981760, 923746]"
376,"[873324, 945909, 986912, 1065593, 995242]"
377,"[848029, 1126899, 994223, 1024306, 845208]"
378,"[848783, 1005186, 916990, 995242, 1024306]"
380,"[1069863, 1098284, 854852, 1096036, 909894]"
381,"[1061228, 1075368, 1029743, 981760, 1053690]"
382,"[948670, 999250, 979505, 981760, 1133018]"
383,"[1057749, 1126899, 988277, 903325, 1028816]"
384,"[860248, 7138817, 8019977, 995242, 961554]"
385,"[874972, 1087102, 1122358, 995242, 1136257]"
386,"[6533765, 998206, 951176, 847982, 9527290]"
387,"[6551861, 1126899, 897922, 970030, 1027569]"
388,"[1038663, 1029743, 1079338, 1062966, 1053690]"
389,"[887474, 1126899, 1127831, 979707, 1027569]"
390,"[874972, 1058243, 888543, 1133018, 923746]"
392,"[874972, 951412, 873980, 961554, 1027569]"
393,"[1013928, 1029743, 820486, 1038217, 1058779]"
394,"[874972, 1029743, 986912, 981760, 903325]"
395,"[874972, 5569230, 1029743, 951590, 1024306]"
396,"[948670, 879031, 1075368, 995242, 923746]"
397,"[849202, 6904613, 1126899, 981760, 1053690]"
398,"[1129049, 1029743, 5981072, 1065593, 844165]"
400,"[12649133, 5567702, 1029743, 914190, 898068]"
401,"[1000753, 942166, 15571290, 1133018, 934639]"
402,"[874972, 1136033, 853448, 981760, 995242]"
404,"[9392953, 1092588, 992986, 824005, 921744]"
405,"[948670, 7167836, 1101010, 962568, 1096036]"
406,"[874972, 1017739, 1127831, 923746, 845208]"
407,"[6533765, 5568661, 983584, 995242, 981760]"
409,"[948670, 1070820, 916122, 903325, 824005]"
410,"[6919087, 1044078, 871611, 1133018, 1068719]"
411,"[9831557, 1106523, 5569374, 914190, 1053690]"
412,"[6533765, 1005186, 986912, 909894, 933637]"
413,"[1048257, 986912, 1106523, 845208, 962568]"
414,"[874972, 1029743, 872066, 951590, 965766]"
415,"[864893, 7167970, 1090884, 995242, 981760]"
417,"[6533765, 1029743, 1127831, 1024306, 845208]"
418,"[901067, 1029743, 852360, 893501, 1136257]"
420,"[874972, 1059902, 865705, 965766, 913785]"
421,"[948670, 1029743, 893018, 1027569, 909894]"
425,"[1038663, 843464, 1106523, 859075, 1096036]"
426,"[1000753, 899682, 1005186, 995242, 891954]"
427,"[7409999, 1029743, 12673354, 1024306, 923746]"
429,"[948670, 1056509, 1029743, 981760, 923746]"
430,"[849202, 5569230, 1029743, 981760, 859075]"
432,"[1013928, 1030093, 1029743, 1096036, 923746]"
433,"[836445, 1106523, 849003, 1037863, 962568]"
434,"[961730, 1046587, 1068292, 969866, 1103629]"
435,"[849202, 5569230, 1127716, 995242, 981760]"
437,"[984680, 1101010, 893018, 908531, 913785]"
438,"[968072, 9881593, 1070820, 981760, 923746]"
441,"[906844, 1038985, 1124971, 981760, 995242]"
442,"[874972, 1110843, 1126899, 923746, 1053690]"
443,"[12810391, 982393, 10457237, 903325, 1024306]"
446,"[972969, 954966, 1095246, 995242, 981760]"
447,"[1038663, 1029743, 926905, 1068719, 844165]"
449,"[874972, 1029743, 982790, 981760, 844165]"
450,"[863762, 998206, 8015407, 847982, 1024306]"
451,"[874972, 999189, 1044078, 1133018, 1068719]"
454,"[1038663, 5569230, 1029743, 1062966, 847982]"
457,"[6533765, 1029743, 1051323, 845208, 1037863]"
458,"[948670, 828588, 878775, 1027569, 908531]"
459,"[863762, 12262832, 13007846, 995242, 981760]"
460,"[948670, 1081177, 7024990, 1024306, 962568]"
461,"[874972, 1029743, 916122, 923746, 833025]"
462,"[874972, 854852, 1011926, 961554, 923746]"
463,"[6533765, 1036093, 1106523, 981760, 1024306]"
464,"[848029, 1029743, 993638, 845208, 1038217]"
466,"[6533765, 1025611, 840634, 981760, 995242]"
467,"[6533765, 1106523, 6979089, 979707, 1065593]"
468,"[916578, 1106523, 1044078, 1062966, 909894]"
469,"[849202, 1127831, 1070820, 903325, 1022254]"
470,"[908314, 1119784, 9677277, 1096036, 981760]"
471,"[1075007, 1119405, 1127831, 981760, 962568]"
474,"[874972, 1088683, 1029743, 1096036, 1062966]"
477,"[12731432, 1126899, 986912, 981760, 923746]"
478,"[9655679, 8203851, 835558, 995242, 981760]"
479,"[904129, 1037840, 1106523, 981760, 1053690]"
480,"[970747, 5569471, 1047769, 961554, 1137688]"
482,"[6533765, 910673, 1051686, 1037863, 995242]"
483,"[947858, 1106523, 12695224, 1062966, 1096036]"
484,"[874972, 10198402, 1110843, 987724, 1096036]"
485,"[848029, 1029743, 7168431, 981760, 890610]"
487,"[948888, 827047, 862682, 995242, 981760]"
489,"[837569, 986912, 1019247, 862349, 1027569]"
491,"[948670, 1055504, 6533936, 981760, 995242]"
493,"[1070723, 1093697, 8090539, 951590, 1053690]"
495,"[12810391, 1029743, 6533641, 859075, 1053690]"
497,"[948670, 8276172, 1070820, 961554, 981760]"
502,"[874972, 1029743, 893018, 844165, 909894]"
503,"[970747, 1070820, 8090536, 1024306, 981760]"
505,"[874972, 7441498, 962991, 995242, 1053690]"
506,"[12384953, 956067, 1007259, 981760, 965766]"
507,"[874972, 1127716, 1044259, 995242, 961554]"
508,"[6533765, 879504, 1101010, 981760, 995242]"
510,"[948670, 1127831, 850676, 1058997, 824005]"
511,"[6533765, 1029743, 1116635, 1065593, 1118533]"
513,"[1034176, 865026, 1018740, 979707, 1024306]"
514,"[6533765, 923169, 1127831, 981760, 995242]"
515,"[1038663, 1106523, 8090521, 923746, 908531]"
516,"[849202, 827999, 835098, 981760, 961554]"
517,"[874972, 1126899, 1081177, 961554, 824005]"
518,"[874972, 915064, 901460, 951590, 9526410]"
520,"[874972, 1106523, 8090537, 923746, 951590]"
521,"[1130729, 1127831, 8090440, 981760, 995242]"
523,"[968072, 1005186, 970861, 961554, 847982]"
524,"[980353, 1106523, 1098248, 1068719, 1028816]"
525,"[904997, 1026118, 883003, 962568, 903325]"
526,"[874972, 5569230, 1044078, 908531, 979707]"
527,"[874972, 1046584, 1131321, 995242, 981760]"
531,"[1021324, 5569230, 7146026, 908531, 951590]"
533,"[1038663, 899624, 1128240, 859075, 1118533]"
534,"[6533765, 926422, 1124695, 981760, 1096036]"
537,"[1065538, 1116635, 1072523, 995242, 961554]"
538,"[867447, 1070820, 1082212, 1137688, 1046262]"
539,"[878715, 1006184, 14077333, 962568, 1037863]"
540,"[1079913, 1000237, 1047769, 981760, 903325]"
542,"[1020208, 1106523, 824796, 923746, 1092026]"
543,"[879734, 820486, 5565664, 951590, 1065593]"
544,"[948670, 1006184, 1127831, 961554, 995242]"
545,"[1000753, 934635, 1005186, 962568, 1024306]"
547,"[6533765, 924004, 1029743, 908531, 1053690]"
548,"[831407, 1001333, 854852, 987562, 970030]"
550,"[6533765, 835098, 917438, 1133018, 923746]"
552,"[1038663, 1106523, 863885, 5592931, 1062966]"
553,"[849202, 1037332, 1117602, 9526410, 923746]"
554,"[867785, 1106523, 1069103, 981760, 951590]"
556,"[970747, 1051283, 6463826, 859075, 1092026]"
557,"[948670, 879280, 5569471, 862349, 961554]"
558,"[1000753, 1106523, 1044078, 845208, 833025]"
560,"[874972, 1029743, 999104, 961554, 913785]"
562,"[1115069, 957951, 1029743, 1053690, 965766]"
563,"[874972, 1029743, 963542, 1053690, 859075]"
564,"[874972, 1110843, 900175, 961554, 1133018]"
566,"[948670, 993638, 1029743, 981760, 923746]"
567,"[6533765, 986912, 1044078, 995242, 923746]"
568,"[1038663, 1106523, 1083787, 1065593, 1054262]"
569,"[1062467, 6391080, 1027208, 970030, 1051516]"
570,"[874972, 1029743, 9676938, 962568, 961554]"
574,"[5568152, 1029743, 933835, 981760, 833025]"
575,"[1116733, 953561, 897270, 995242, 1024306]"
576,"[1029688, 931579, 1005186, 1058997, 923746]"
577,"[9677366, 1056509, 1071336, 1024731, 883932]"
578,"[860248, 942166, 865705, 1058997, 981760]"
579,"[948670, 1091365, 6534201, 981760, 1133018]"
580,"[1118946, 1056509, 966348, 847982, 908531]"
581,"[12810391, 1084796, 1126899, 873654, 914190]"
582,"[1021324, 5569230, 965555, 981760, 961554]"
583,"[1021324, 1037840, 1013928, 1096036, 1065593]"
586,"[906335, 1029743, 823365, 913785, 918368]"
587,"[874972, 1006835, 849297, 995242, 923746]"
588,"[14025268, 1050851, 1106523, 9526410, 952317]"
590,"[1139216, 1106523, 1102845, 883932, 1096036]"
591,"[1065017, 1106523, 933067, 898068, 914190]"
593,"[1038663, 1106523, 853998, 981760, 1053690]"
594,"[1038663, 1106523, 8090537, 5592931, 1043590]"
595,"[850028, 1029743, 6513719, 923746, 1053690]"
596,"[836445, 8090537, 1025581, 981760, 844165]"
598,"[6533765, 9553382, 8090532, 979707, 995242]"
600,"[1021324, 1029743, 5569230, 962568, 965766]"
602,"[833940, 944139, 1029743, 908531, 1085604]"
603,"[836445, 1106523, 1051323, 909894, 965766]"
604,"[1007279, 5569374, 7441668, 1024306, 1058997]"
605,"[871563, 965772, 13133916, 862349, 908531]"
606,"[874972, 1029743, 848107, 979707, 962568]"
608,"[5590965, 1106523, 7409845, 1068719, 951590]"
609,"[948670, 5569230, 1005186, 995242, 923746]"
610,"[6533765, 8293382, 1127831, 995242, 981760]"
611,"[12757425, 7409663, 8177622, 981760, 995242]"
612,"[904129, 1029743, 12132648, 1092026, 859075]"
613,"[6533765, 973135, 1004906, 995242, 981760]"
614,"[874972, 1029743, 5565925, 951590, 981760]"
615,"[948670, 971922, 883003, 981760, 1133018]"
617,"[837569, 1022340, 1126899, 962568, 903325]"
618,"[6533765, 1037840, 986912, 995242, 847982]"
621,"[12262830, 1112825, 7024871, 995242, 914190]"
622,"[1038663, 1106523, 986912, 1053690, 859075]"
623,"[1014732, 1029743, 1101010, 890610, 1038217]"
624,"[1038663, 1106523, 844179, 859075, 1092026]"
630,"[1000753, 1070820, 880895, 1024306, 859075]"
631,"[874972, 899682, 1009631, 865178, 845208]"
632,"[849202, 1029743, 1093301, 987562, 979707]"
633,"[833940, 8090537, 1046789, 1096036, 1085604]"
636,"[1038663, 8358933, 5981074, 859075, 847982]"
637,"[1038663, 926905, 1114811, 923746, 995242]"
638,"[910525, 1029743, 1053530, 914190, 962568]"
640,"[849202, 1106523, 1088414, 909894, 1065593]"
641,"[1021164, 1070820, 1104349, 979707, 824005]"
643,"[12810391, 833014, 1029743, 923746, 962568]"
644,"[1000753, 1019637, 1098435, 845208, 914190]"
647,"[1096905, 1029743, 8090536, 961554, 965766]"
648,"[1112592, 865757, 835351, 981760, 995242]"
650,"[849202, 1029743, 1127831, 981760, 1053690]"
652,"[6533765, 832678, 1101932, 847982, 1133018]"
653,"[12810391, 1037840, 1056509, 914190, 908531]"
654,"[864893, 1005186, 944137, 981760, 961554]"
655,"[6533765, 1112238, 1044078, 951590, 965766]"
658,"[1000753, 1029743, 869047, 951590, 845208]"
659,"[874972, 1102003, 12810393, 995242, 981760]"
660,"[9419769, 1126899, 953561, 951590, 908531]"
661,"[12262978, 1138292, 1004596, 965766, 1101173]"
662,"[849202, 1070272, 983584, 951590, 981760]"
663,"[1013928, 8090521, 1134143, 1065593, 896369]"
665,"[1088771, 847529, 931124, 1133018, 923746]"
666,"[904997, 844179, 972235, 981760, 1068719]"
667,"[1000753, 1072523, 1005186, 962568, 1024306]"
668,"[948670, 1005186, 5569471, 1096036, 1065593]"
669,"[948670, 1126899, 1076580, 1027569, 865178]"
670,"[874972, 1029743, 899115, 961554, 903325]"
671,"[847434, 1029743, 982790, 833025, 1068719]"
672,"[12810391, 12949590, 6961848, 923746, 833025]"
673,"[6533765, 1080784, 1106523, 845208, 844165]"
674,"[874972, 1029743, 878996, 965766, 969866]"
675,"[6533765, 910673, 1139142, 995242, 979707]"
676,"[9677200, 1095227, 1106523, 908531, 9526410]"
680,"[874972, 832442, 844179, 883932, 914190]"
681,"[1134483, 850102, 8019916, 981760, 965766]"
684,"[6533765, 1106523, 1050851, 1065593, 1096036]"
685,"[1129049, 1097398, 13115971, 995242, 847982]"
687,"[874972, 8090521, 1029743, 1068719, 1101173]"
690,"[1088771, 1037840, 922561, 1024306, 833025]"
691,"[906844, 825365, 1006184, 859075, 1053690]"
692,"[1004436, 938283, 995311, 1037863, 962568]"
693,"[849202, 1044188, 1029743, 962568, 903325]"
694,"[1138423, 1037840, 1029743, 923746, 908531]"
695,"[874972, 1029743, 835499, 914190, 1136257]"
696,"[970747, 1126899, 1127831, 962568, 916050]"
697,"[970747, 1070820, 12696089, 903325, 1137688]"
698,"[1132204, 1005186, 1106523, 1065593, 923746]"
699,"[874972, 847066, 1043751, 867188, 962568]"
700,"[1069863, 1101010, 1106523, 981760, 859075]"
701,"[13115602, 913026, 944137, 914190, 883932]"
702,"[8203946, 985605, 8177622, 1068719, 9526410]"
703,"[874972, 901776, 5569230, 913785, 824005]"
705,"[948670, 871876, 1106523, 1024306, 1053690]"
706,"[874972, 1029743, 1107973, 908531, 913785]"
707,"[829291, 1029743, 1057102, 908531, 916381]"
708,"[836445, 1029743, 7168774, 933637, 1003188]"
709,"[874972, 889692, 5570590, 923746, 1068719]"
710,"[6533765, 1106523, 1044078, 908531, 951590]"
711,"[864893, 1037840, 1026946, 981760, 1053690]"
712,"[874972, 1070820, 921504, 883932, 867188]"
713,"[948670, 1029743, 1075368, 981760, 908531]"
714,"[874972, 950368, 1126899, 1068719, 845208]"
715,"[1000753, 1087102, 885863, 1037863, 979707]"
716,"[948670, 1127831, 12263841, 962568, 961554]"
717,"[904129, 1016298, 6442594, 995242, 981760]"
718,"[848029, 1029743, 944486, 5592931, 1096343]"
719,"[948670, 933835, 1106523, 981760, 1065593]"
720,"[1115069, 1056212, 1055504, 1037863, 1024306]"
721,"[1111080, 7168286, 1126899, 981760, 1053690]"
722,"[1048257, 920958, 854852, 1137688, 903325]"
723,"[874972, 9419443, 878996, 995242, 1022254]"
725,"[874972, 1106523, 893018, 1065593, 908531]"
726,"[874972, 995965, 1065129, 933637, 903325]"
727,"[1038663, 1106523, 836445, 965766, 969866]"
728,"[1013928, 1106117, 1029743, 859075, 833025]"
729,"[849202, 1029743, 1127831, 981760, 1053690]"
730,"[1101744, 6391063, 1126899, 981760, 961554]"
731,"[948670, 1029743, 1110843, 896369, 1096036]"
733,"[1110111, 7443137, 5569471, 908531, 1133018]"
734,"[12262830, 970160, 1070702, 1133018, 951590]"
735,"[7155012, 1106523, 1043663, 1068719, 908531]"
736,"[1075353, 1029743, 955921, 903325, 1068719]"
740,"[9677366, 6034857, 1097909, 979707, 1037863]"
741,"[1000753, 13213604, 916122, 1037863, 903325]"
742,"[1013928, 938165, 1106523, 1062966, 943233]"
743,"[5588365, 1106523, 1121808, 981760, 1096036]"
744,"[848029, 1051323, 13115981, 979707, 1136257]"
745,"[12262778, 854852, 854754, 979707, 891954]"
747,"[1025535, 1021715, 1005186, 995242, 961554]"
748,"[6533765, 1106523, 1138292, 844165, 1085604]"
749,"[874972, 1029743, 890695, 981760, 1096036]"
750,"[6533765, 866211, 12301100, 995242, 951590]"
752,"[874972, 986912, 1005186, 1068719, 951590]"
753,"[948670, 1029743, 847207, 1024306, 923746]"
754,"[948670, 1036347, 1016785, 995242, 981760]"
755,"[948670, 279994, 1063207, 847982, 1053690]"
757,"[874972, 5569471, 960199, 995242, 961554]"
759,"[832968, 986912, 5568447, 995242, 981760]"
761,"[5586225, 1106523, 1056509, 873654, 1117514]"
762,"[948670, 1091365, 986912, 962568, 824005]"
764,"[13506119, 1028422, 1029743, 1024306, 909894]"
766,"[948670, 901062, 1127831, 1119051, 1027569]"
767,"[874972, 1042571, 868548, 981760, 961554]"
768,"[848029, 1029743, 834117, 909894, 908531]"
769,"[1038663, 1106523, 8019649, 923746, 908531]"
770,"[904129, 5569230, 1029743, 9526410, 9337581]"
771,"[1108094, 1112405, 940947, 859075, 1096036]"
773,"[9655679, 835973, 909714, 995242, 981760]"
776,"[1038663, 1029743, 851188, 844165, 9527494]"
777,"[874972, 862725, 6533608, 981760, 995242]"
779,"[1032967, 6533362, 976199, 961554, 962568]"
781,"[5578437, 854405, 12946027, 1051516, 933637]"
784,"[874972, 5569230, 1102250, 961554, 1053690]"
786,"[1065538, 5569230, 972665, 995242, 979707]"
787,"[857538, 1079528, 1082212, 995242, 981760]"
788,"[6533765, 5569230, 5568378, 1062966, 1096036]"
789,"[12384953, 1137771, 922561, 962568, 923746]"
790,"[968072, 1100273, 9297055, 1065593, 885290]"
793,"[874972, 8090545, 1029743, 951590, 961554]"
794,"[950638, 865026, 959455, 962568, 1024306]"
795,"[6533765, 1029743, 1043751, 908531, 1053690]"
796,"[948670, 993638, 901062, 1037863, 845208]"
798,"[9655679, 1110843, 9338009, 995242, 961554]"
799,"[948670, 1126899, 1050851, 896369, 908531]"
800,"[5590965, 995965, 9677236, 1101173, 859075]"
801,"[12731685, 1029743, 9245106, 923746, 1024306]"
802,"[1118946, 1005186, 986912, 995242, 951590]"
803,"[969725, 1044078, 884089, 1068719, 987562]"
804,"[1038663, 1029743, 5569230, 1043590, 870547]"
805,"[1038663, 899624, 916122, 833025, 845208]"
806,"[1038663, 1029743, 5572308, 987724, 961554]"
807,"[865671, 1029743, 838186, 859075, 1053690]"
808,"[849202, 1029743, 1016800, 981760, 1053690]"
810,"[962615, 961979, 993638, 981760, 995242]"
811,"[6533765, 1029743, 5568378, 1053690, 951590]"
813,"[874972, 6534030, 1050851, 981760, 1037863]"
814,"[1016314, 854405, 825365, 1136257, 981760]"
816,"[860248, 5565925, 1075368, 961554, 1058997]"
817,"[970747, 1070820, 1092588, 903325, 962568]"
818,"[6919087, 1029743, 9297191, 961554, 981760]"
820,"[852015, 8090509, 1106523, 1096036, 859075]"
822,"[1090317, 1005186, 917407, 951590, 1133018]"
823,"[1118946, 835578, 1018007, 923746, 1133018]"
824,"[874972, 1106523, 1086061, 1037863, 962568]"
825,"[970747, 915493, 854852, 970030, 1022254]"
826,"[6533765, 986869, 1030093, 981760, 1065593]"
829,"[948670, 1101010, 1018740, 1024306, 1027569]"
830,"[948670, 1106523, 878996, 923746, 908531]"
831,"[1083599, 1069003, 957736, 883932, 1068719]"
836,"[1108094, 916993, 851287, 995242, 981760]"
837,"[948670, 8090549, 1112825, 981760, 1024306]"
840,"[874972, 1029743, 1090884, 979707, 913785]"
841,"[852015, 1106523, 966379, 1043590, 859075]"
842,"[6533765, 1005186, 1029743, 923746, 5592931]"
844,"[874972, 1127831, 5566472, 962568, 1022254]"
845,"[874972, 8090533, 825994, 981760, 979707]"
846,"[829291, 8090521, 1028747, 965766, 859075]"
847,"[874972, 1005274, 1001827, 981760, 951590]"
848,"[826666, 1044078, 995502, 951590, 859075]"
850,"[1000753, 991411, 823990, 939636, 969866]"
852,"[1079913, 1076187, 1126899, 1119051, 1117514]"
853,"[9859017, 911017, 6904485, 961554, 862349]"
854,"[874972, 945998, 1123842, 981760, 923746]"
855,"[948670, 1029743, 1005186, 908531, 847982]"
856,"[1000753, 9419487, 990797, 913785, 939636]"
857,"[874972, 5569230, 868548, 1133018, 1027569]"
858,"[9677366, 1070820, 910473, 981760, 923746]"
859,"[874972, 1075368, 5569230, 965766, 908531]"
861,"[836445, 899624, 1075796, 1133018, 1022254]"
862,"[1038663, 1029743, 1053282, 923746, 5592931]"
863,"[6533765, 1029743, 5569135, 1065593, 1096036]"
864,"[874972, 1029743, 1101010, 859075, 1068719]"
865,"[947858, 1106523, 899624, 981760, 923746]"
866,"[875647, 1106523, 1044078, 1062966, 1118533]"
867,"[1134483, 983584, 1106523, 923746, 1053690]"
868,"[1079913, 5569471, 9884484, 961554, 908531]"
869,"[6533765, 834962, 8019216, 995242, 1096036]"
871,"[851675, 897083, 10182664, 1024306, 1027569]"
875,"[948670, 1049634, 1126899, 1024306, 1053690]"
876,"[874972, 12782182, 843418, 981760, 862349]"
877,"[874972, 1126899, 10456152, 970030, 1027569]"
878,"[6533765, 1106523, 986912, 9337581, 856060]"
879,"[904997, 862682, 9553042, 995242, 1136257]"
880,"[5569615, 866211, 879506, 995242, 1053690]"
881,"[1038663, 1029743, 9884698, 859075, 1062966]"
882,"[904129, 1029743, 8090521, 1136257, 961554]"
883,"[1057749, 9420181, 8090440, 1137688, 1116821]"
884,"[974156, 986912, 1015539, 1133018, 981760]"
885,"[904129, 1106523, 1006483, 981760, 1053690]"
886,"[863762, 1070820, 876806, 961554, 1053690]"
887,"[6533765, 1005186, 1084036, 1068719, 1065593]"
888,"[1112242, 1131382, 901062, 1136257, 824005]"
889,"[948670, 1127831, 1070820, 1027569, 879528]"
891,"[836445, 866211, 8090956, 1068719, 923746]"
893,"[874972, 1106523, 1100972, 951590, 930917]"
894,"[1048257, 1138631, 841309, 981760, 995242]"
895,"[874972, 7024847, 868888, 981760, 951590]"
897,"[928263, 5569374, 1079528, 995242, 908531]"
898,"[970747, 1029743, 1026118, 961554, 1046262]"
900,"[981677, 986912, 1126045, 1077555, 909894]"
903,"[944018, 6034857, 1126899, 903325, 1137688]"
904,"[836445, 891505, 1106523, 981760, 1053690]"
906,"[917384, 1048237, 860703, 923746, 1068719]"
907,"[1000753, 986912, 1092588, 845208, 1133018]"
908,"[874972, 1078666, 1070820, 1024306, 914190]"
909,"[874972, 1029743, 9935616, 865178, 970030]"
911,"[874972, 901062, 5563693, 1119051, 845208]"
913,"[899019, 824758, 1134810, 961554, 951590]"
914,"[1138243, 1110843, 1064002, 995242, 951590]"
915,"[6533765, 880150, 1128163, 995242, 1037863]"
916,"[1079913, 901557, 1075368, 995242, 961554]"
919,"[6533765, 6391532, 10457518, 981760, 844165]"
920,"[982469, 1106523, 1097001, 1062966, 1043590]"
922,"[1075353, 1058404, 1132198, 903325, 970030]"
924,"[1107522, 1029743, 6391541, 981760, 1053690]"
926,"[948670, 1138443, 936914, 961554, 979707]"
927,"[948670, 1127831, 986912, 862349, 1027569]"
928,"[874972, 829852, 1092303, 961554, 979707]"
929,"[874972, 1070820, 933835, 909894, 1038217]"
930,"[962615, 917033, 850102, 995242, 951590]"
931,"[883819, 866043, 1029743, 930917, 995876]"
934,"[848029, 1004906, 1106523, 1136257, 923746]"
935,"[948670, 1132771, 922561, 981760, 962568]"
936,"[874972, 1105411, 1029743, 951590, 965766]"
937,"[860248, 1126899, 840609, 1065593, 987724]"
939,"[6533765, 1106523, 1044078, 909894, 1068719]"
940,"[1002787, 1019637, 869895, 995242, 1092026]"
941,"[849202, 1016709, 1005186, 1058997, 981760]"
942,"[874972, 1015539, 1029743, 859075, 923746]"
943,"[6533765, 1106523, 940090, 1096036, 847982]"
944,"[874972, 1106523, 1101010, 1024306, 923746]"
946,"[6533765, 1093413, 1005186, 934639, 1096036]"
947,"[1013259, 1101010, 1117723, 923746, 951590]"
949,"[874972, 1029743, 971922, 981760, 1053690]"
951,"[919766, 1029743, 823704, 951590, 1053690]"
952,"[849202, 1075368, 966379, 1092026, 1096036]"
953,"[6533765, 1029743, 877310, 1065593, 913785]"
954,"[849202, 1029743, 1127831, 981760, 1053690]"
955,"[6533765, 1106523, 1027068, 965766, 1065593]"
956,"[874972, 1070820, 879922, 979707, 883932]"
957,"[6533765, 14019790, 1032703, 1037863, 951590]"
959,"[12812261, 1029272, 1082485, 981760, 903325]"
960,"[6979437, 886395, 1053016, 962568, 903325]"
961,"[1119993, 986912, 1070820, 1053690, 930917]"
964,"[826666, 1106523, 1074754, 1092026, 1085604]"
965,"[852015, 844179, 6904613, 995242, 981760]"
967,"[1038663, 5567502, 1056509, 995242, 1053690]"
968,"[1108094, 1075368, 1029743, 987562, 961554]"
969,"[948670, 1029743, 1117393, 981760, 1053690]"
971,"[906844, 1075368, 866211, 961554, 1053690]"
972,"[5590765, 6632283, 13008334, 995242, 981760]"
973,"[9837365, 1000542, 1087713, 903325, 962568]"
974,"[5995129, 944137, 1106523, 951590, 965766]"
975,"[959737, 5569471, 868888, 981760, 995242]"
976,"[874972, 1127831, 1005186, 903325, 913785]"
978,"[13987010, 1070820, 1127831, 979707, 962568]"
979,"[12262778, 1029743, 904236, 851676, 1054262]"
981,"[6533765, 1092937, 5582712, 981760, 1133018]"
982,"[874972, 5563693, 9526673, 961554, 965766]"
983,"[874972, 1029743, 8090521, 1053690, 1038217]"
984,"[886991, 861706, 7147472, 862349, 962568]"
985,"[874972, 1029743, 901062, 1068719, 845208]"
986,"[849202, 1116635, 1029743, 859075, 1085604]"
987,"[849202, 1070820, 986912, 923746, 961554]"
988,"[970866, 1070820, 988116, 859075, 896369]"
989,"[848029, 1029743, 899624, 1136257, 962568]"
991,"[9553193, 904236, 1110843, 995242, 981760]"
992,"[6533765, 1005186, 909714, 995242, 981760]"
993,"[948670, 8293439, 854852, 903325, 1022254]"
996,"[1000753, 854852, 819978, 847982, 1024306]"
997,"[878715, 42346, 279994, 859075, 1053690]"
998,"[1000753, 8090521, 1037840, 952317, 864774]"
999,"[6533765, 1029743, 6704207, 981760, 908531]"
1000,"[948670, 12427353, 986912, 981760, 909894]"
1001,"[1083599, 997987, 1104475, 923746, 847982]"
1003,"[5590465, 1070820, 882826, 981760, 923746]"
1004,"[894499, 859154, 956672, 961554, 1133018]"
1005,"[1000753, 954102, 1004906, 1133018, 1038217]"
1007,"[6533765, 1029743, 835619, 909894, 1053690]"
1008,"[6533765, 910473, 1007259, 995242, 981760]"
1010,"[948670, 1036093, 9527323, 908531, 981760]"
1011,"[1095964, 1029605, 916122, 981760, 995242]"
1012,"[6533765, 1005186, 1070820, 1065593, 961554]"
1014,"[6533765, 1029743, 866211, 845208, 1043590]"
1015,"[948670, 1037332, 947412, 981760, 1022254]"
1018,"[1034176, 1070820, 8090521, 908531, 859075]"
1019,"[970152, 1106523, 986912, 1068719, 1037863]"
1020,"[848029, 1070820, 833724, 979707, 865178]"
1021,"[13417853, 1029743, 830202, 908531, 1053690]"
1023,"[926884, 936830, 963835, 933637, 903325]"
1024,"[874972, 1097001, 1106523, 914190, 962568]"
1025,"[1038663, 1106523, 8090521, 859075, 925626]"
1027,"[874972, 1132771, 862799, 962568, 923746]"
1029,"[1048257, 896666, 1040807, 979707, 865178]"
1030,"[874972, 1070820, 931124, 1053690, 962568]"
1034,"[6533765, 1126899, 907099, 1024306, 923746]"
1038,"[6533765, 843567, 878996, 923746, 951590]"
1039,"[1021324, 9419422, 1029743, 883932, 995876]"
1040,"[860248, 1126899, 1075368, 970030, 824005]"
1041,"[6533765, 1127470, 1106523, 879755, 925626]"
1042,"[874972, 856252, 1048352, 896369, 824005]"
1043,"[849202, 1817725, 1029743, 981760, 1053690]"
1045,"[874972, 935317, 971922, 847982, 987562]"
1046,"[948670, 1005186, 1126899, 981760, 1102949]"
1047,"[12484491, 1029743, 875647, 923746, 951590]"
1050,"[874972, 1106523, 899624, 962568, 913785]"
1051,"[906631, 6534578, 921504, 995242, 981760]"
1053,"[8203342, 1005186, 8293426, 1022254, 1024306]"
1057,"[948670, 916990, 892531, 995242, 981760]"
1058,"[6533765, 918046, 898869, 995242, 923746]"
1060,"[874972, 5569230, 827656, 981760, 940766]"
1061,"[1038663, 875089, 1106523, 5592931, 965766]"
1062,"[874972, 1029743, 949142, 1068719, 908531]"
1064,"[948670, 985699, 923789, 1027569, 995242]"
1066,"[1000753, 986912, 924352, 1068719, 961554]"
1067,"[947858, 1029743, 1075368, 908531, 896369]"
1068,"[1103808, 1025611, 937110, 981760, 995242]"
1069,"[904129, 923314, 1029743, 1068719, 859075]"
1070,"[874972, 1029743, 6533936, 962568, 1068719]"
1071,"[6533765, 1124695, 946691, 908531, 981760]"
1073,"[849202, 1013597, 1082212, 951590, 979707]"
1074,"[874972, 10344585, 1029743, 9526410, 1068719]"
1075,"[6533765, 938554, 1029743, 923746, 1068719]"
1076,"[1034176, 8090521, 1090931, 951590, 995242]"
1077,"[874972, 891632, 1045659, 1133018, 965766]"
1078,"[970747, 1126899, 1026118, 1051516, 824005]"
1080,"[874972, 949023, 1106523, 859075, 833025]"
1081,"[874972, 899624, 946995, 979707, 903325]"
1082,"[6533765, 1106523, 937330, 1096036, 1038217]"
1083,"[908843, 8065410, 1007269, 923746, 1096036]"
1084,"[6533765, 886103, 1122358, 1068719, 965766]"
1085,"[874972, 1029743, 1040807, 965766, 1038217]"
1086,"[874972, 1008074, 854852, 883932, 962568]"
1087,"[12731432, 1029743, 1044078, 1068719, 844165]"
1088,"[6533765, 1045478, 997011, 951590, 1133018]"
1089,"[982469, 1029743, 5568721, 1096036, 1065593]"
1090,"[874972, 941797, 835098, 981760, 1133018]"
1091,"[1021324, 1029743, 1075368, 913785, 914190]"
1092,"[1098025, 1067779, 1039627, 995242, 1053690]"
1093,"[904129, 1029743, 878676, 951590, 1053690]"
1094,"[874972, 1029743, 933835, 859075, 923746]"
1096,"[948670, 6773232, 1026118, 995242, 1024306]"
1097,"[981677, 8090440, 1106523, 961554, 979707]"
1098,"[864893, 5585510, 10341855, 896369, 1024306]"
1100,"[926823, 856818, 896085, 995242, 981760]"
1102,"[6533765, 1029743, 866211, 923746, 845208]"
1103,"[12172071, 1126899, 862535, 10121965, 866172]"
1104,"[1013928, 5571261, 1115576, 891141, 933637]"
1105,"[970747, 6391075, 6391086, 995242, 981760]"
1106,"[1129049, 12757316, 13213083, 981760, 923746]"
1108,"[1088771, 1104882, 7147915, 981760, 923746]"
1109,"[948670, 1109014, 854852, 903325, 1024306]"
1110,"[848029, 1070820, 854852, 1068719, 896369]"
1111,"[1021324, 1106523, 854852, 1022254, 979707]"
1112,"[860248, 1075368, 1010681, 1058997, 981760]"
1113,"[970747, 1126899, 916122, 1137688, 1117514]"
1114,"[874972, 8090521, 1060673, 1092026, 995242]"
1115,"[1098025, 929388, 1005274, 981760, 962568]"
1117,"[866548, 1106523, 5569230, 1096036, 913785]"
1119,"[874972, 8177622, 901062, 847982, 883932]"
1120,"[6533765, 988697, 12524174, 951590, 1068719]"
1121,"[874972, 1092937, 1070820, 883932, 951590]"
1123,"[5570398, 842783, 1126899, 951590, 1024306]"
1124,"[1038663, 8090537, 1106523, 923746, 1038217]"
1127,"[874972, 5569230, 1029743, 1068719, 923746]"
1128,"[6633031, 1106523, 1081177, 923746, 961554]"
1129,"[1021324, 899115, 1037332, 981760, 962568]"
1130,"[6533765, 1137775, 1093413, 5592931, 1096036]"
1131,"[864893, 950206, 1029743, 918368, 1101173]"
1132,"[938138, 1044078, 5563934, 1065593, 995242]"
1133,"[948670, 1029743, 1055504, 961554, 923746]"
1134,"[831407, 1106523, 1042571, 903325, 970030]"
1135,"[874972, 1029743, 893018, 859075, 1068719]"
1136,"[874972, 1106523, 5568378, 913785, 9526410]"
1137,"[924667, 935527, 914318, 923746, 951590]"
1138,"[1038663, 941515, 8015407, 995242, 981760]"
1139,"[942077, 1131625, 1028891, 1027569, 979707]"
1141,"[1038663, 1029743, 1056509, 1092026, 859075]"
1142,"[878715, 1067695, 882826, 847982, 911470]"
1145,"[1132204, 1106523, 1005186, 1062966, 1096036]"
1146,"[6533765, 962967, 1029743, 913785, 909894]"
1147,"[969725, 1106523, 1016800, 859075, 833025]"
1149,"[950638, 919681, 857006, 995242, 981760]"
1151,"[982469, 13189919, 1136524, 995242, 1043590]"
1152,"[1110111, 1005186, 1029743, 981760, 1053690]"
1154,"[849202, 1106523, 841365, 987724, 961554]"
1155,"[6533765, 1016800, 893018, 995242, 981760]"
1157,"[959737, 954673, 865705, 1053690, 1068719]"
1158,"[948670, 8357825, 8090521, 995242, 908531]"
1159,"[1048257, 6391080, 8090532, 1051516, 1024306]"
1160,"[6533765, 1106523, 1004906, 909894, 845208]"
1161,"[948670, 1070820, 1046839, 923746, 1068719]"
1163,"[874972, 1029743, 1056509, 962568, 1024306]"
1164,"[1048257, 1070820, 1098892, 1028816, 1137688]"
1166,"[5566800, 1029743, 919535, 1136257, 824005]"
1167,"[849202, 1070820, 1040861, 961554, 908531]"
1168,"[1055044, 1019637, 983584, 961554, 923746]"
1169,"[1038663, 846823, 910673, 951590, 939636]"
1171,"[1065538, 1029743, 893018, 1053690, 951590]"
1172,"[1038663, 963686, 1029743, 961554, 859075]"
1174,"[6533765, 1106523, 1063207, 1037863, 5592931]"
1175,"[1053022, 8066803, 963365, 903325, 981760]"
1176,"[1139216, 1029743, 1127831, 981760, 1053690]"
1178,"[12810391, 6464165, 5568445, 900802, 923746]"
1179,"[874972, 1056509, 1065979, 867188, 9527290]"
1180,"[6533765, 1029743, 5587656, 1062966, 1058779]"
1182,"[1025535, 43020, 842392, 923746, 981760]"
1183,"[6533765, 827047, 1004906, 995242, 981760]"
1185,"[1013928, 1106523, 895930, 981760, 1037863]"
1186,"[970747, 5578547, 1126899, 1137688, 1028816]"
1187,"[8116306, 910673, 1106523, 928049, 879755]"
1188,"[6533765, 1005186, 843464, 908531, 860975]"
1189,"[904997, 1106523, 1082212, 923746, 845208]"
1190,"[928263, 8090537, 9655483, 908531, 859075]"
1191,"[874972, 5569230, 890695, 1053690, 1133018]"
1192,"[6533765, 833347, 10344586, 981760, 951590]"
1193,"[1013928, 8090537, 913210, 1096036, 847982]"
1194,"[1000753, 1005186, 901976, 923746, 909894]"
1195,"[849202, 1075368, 8090521, 951590, 961554]"
1196,"[849202, 901062, 1012801, 995242, 981760]"
1197,"[874972, 1029743, 8090521, 883932, 1101173]"
1198,"[1000753, 915064, 879506, 995242, 903325]"
1201,"[906335, 8090537, 868066, 1092026, 951590]"
1202,"[983665, 9925966, 13382402, 995242, 961554]"
1203,"[836445, 1106523, 1042438, 1101173, 1054262]"
1204,"[852015, 1106523, 926905, 859075, 833025]"
1205,"[904129, 1029743, 5571178, 930917, 913785]"
1206,"[1134483, 1106523, 861494, 987562, 909894]"
1207,"[874972, 5569374, 13115501, 847982, 1096036]"
1208,"[10198378, 1031316, 1114653, 981760, 1133018]"
1209,"[1132204, 1107839, 7115628, 995242, 981760]"
1210,"[948670, 1070820, 9575582, 981760, 1024306]"
1211,"[977927, 879504, 1037631, 951590, 1068719]"
1214,"[6533765, 993638, 1005186, 995242, 981760]"
1216,"[874972, 999625, 1101010, 1027569, 1024306]"
1217,"[1012514, 1029743, 1075368, 859075, 870547]"
1218,"[970747, 1070820, 857736, 903325, 1068719]"
1219,"[834846, 933067, 1128016, 981760, 1133018]"
1221,"[1034176, 1029743, 1055504, 961554, 962568]"
1222,"[874972, 1091090, 933835, 9526410, 867188]"
1223,"[1021324, 1106523, 8090521, 923746, 844165]"
1224,"[1000753, 999779, 1109778, 909894, 962568]"
1225,"[6533765, 1106523, 1081177, 1096036, 844165]"
1226,"[848029, 1070820, 1081177, 962568, 981760]"
1227,"[874972, 991592, 1086384, 995242, 981760]"
1228,"[1065538, 1005186, 5569471, 1024306, 1096036]"
1229,"[970747, 965842, 1070820, 961554, 933637]"
1230,"[874972, 1106523, 825343, 981760, 923746]"
1231,"[12810391, 1029743, 1062340, 845208, 961554]"
1234,"[933354, 916990, 1021935, 914190, 961554]"
1236,"[874972, 1037840, 969568, 995242, 859075]"
1238,"[970747, 879922, 1029743, 914190, 965766]"
1240,"[874972, 1081177, 6034857, 995242, 1136257]"
1241,"[849202, 1075368, 1029743, 951590, 879755]"
1242,"[874972, 1070820, 844179, 951590, 923746]"
1245,"[6533765, 863447, 950206, 1024306, 909894]"
1246,"[849202, 1126899, 848684, 1053690, 951590]"
1247,"[9677366, 921504, 933835, 914190, 1051516]"
1248,"[5571176, 1106523, 888054, 1101173, 930917]"
1249,"[964717, 1106523, 1121808, 981760, 951590]"
1252,"[1000753, 1102929, 872060, 962568, 995242]"
1255,"[1134736, 1072523, 1106523, 1096036, 844165]"
1256,"[832968, 1000542, 986912, 981760, 1024306]"
1257,"[1048257, 1126899, 999090, 970030, 961554]"
1258,"[874972, 5569471, 852600, 961554, 1024306]"
1259,"[948670, 916993, 8177622, 1133018, 1024306]"
1260,"[874972, 949257, 925425, 933637, 995242]"
1261,"[1055044, 866211, 1056212, 981760, 961554]"
1262,"[1038663, 1029743, 5569230, 923746, 859075]"
1263,"[874972, 1016800, 835578, 847982, 965766]"
1264,"[887474, 1029743, 1136341, 833025, 908531]"
1265,"[1054402, 1042544, 1060872, 962568, 914190]"
1266,"[1025535, 935317, 866211, 981760, 845208]"
1267,"[874972, 1005186, 1036699, 981760, 995242]"
1269,"[1000753, 908318, 1106523, 914190, 833025]"
1270,"[836445, 1106523, 1026118, 981760, 1068719]"
1271,"[848029, 864279, 1029743, 1022254, 883932]"
1272,"[874972, 974766, 6514085, 865178, 1027569]"
1274,"[1091342, 5569792, 1070820, 885290, 1101173]"
1277,"[874972, 1106523, 8090521, 833025, 1053690]"
1278,"[1108094, 1106523, 916122, 951590, 1053690]"
1279,"[1000753, 1134006, 1106523, 1096036, 844165]"
1280,"[948670, 925579, 1017127, 995242, 981760]"
1281,"[6533765, 1131344, 834491, 981760, 995242]"
1282,"[836445, 1106523, 1044078, 969866, 1101173]"
1283,"[874972, 10344586, 1071244, 923746, 1068719]"
1284,"[864893, 15926886, 1129322, 995242, 1037863]"
1285,"[904129, 5569230, 1102003, 1068719, 913785]"
1287,"[874972, 854852, 1005186, 995242, 1027569]"
1288,"[9419769, 1062002, 1090587, 995242, 859075]"
1289,"[829291, 1055155, 9677454, 908531, 951590]"
1290,"[1025535, 825749, 6464086, 923746, 1037863]"
1291,"[1095737, 837270, 1106523, 883932, 923746]"
1293,"[6533765, 1044078, 1004906, 969866, 909894]"
1294,"[970747, 1126899, 1081177, 824005, 859075]"
1295,"[1038663, 1029743, 7410335, 1085604, 930917]"
1296,"[874972, 1005186, 935578, 883932, 1027569]"
1297,"[1079913, 867138, 1026118, 1022254, 903325]"
1298,"[874972, 931255, 1029743, 981760, 859075]"
1299,"[12810391, 1016129, 897125, 908531, 914190]"
1300,"[12810391, 1106523, 1055504, 1136257, 961554]"
1303,"[1118946, 1029743, 1091365, 1024306, 1053690]"
1304,"[1118623, 1106523, 871611, 844165, 1068719]"
1305,"[1112242, 1106523, 944139, 9526410, 923746]"
1306,"[6533765, 1005186, 12301839, 1043590, 1062966]"
1307,"[948670, 986912, 1005186, 961554, 1133018]"
1310,"[849202, 916122, 8293447, 981760, 1053690]"
1312,"[12808385, 1029743, 983584, 914190, 833025]"
1313,"[7160764, 982790, 1029743, 951590, 1068719]"
1314,"[1138423, 1029743, 1102416, 1136257, 913785]"
1316,"[939891, 982790, 1029743, 859075, 1068719]"
1317,"[904129, 1029743, 1138292, 1096036, 870547]"
1318,"[874972, 925862, 904241, 903325, 961554]"
1319,"[948670, 916122, 947326, 981760, 962568]"
1321,"[6533765, 1106523, 1127831, 1068719, 1043590]"
1325,"[8203757, 832001, 1098844, 824005, 981760]"
1326,"[6533765, 1029743, 9575582, 1068719, 965766]"
1328,"[6533765, 875089, 1029743, 845208, 965766]"
1329,"[947858, 1008032, 1110843, 981760, 923746]"
1330,"[6633167, 1106523, 5569230, 981760, 833025]"
1331,"[874972, 1031316, 1029743, 833025, 1024306]"
1332,"[874972, 954110, 951412, 1133018, 962568]"
1333,"[1029688, 1126899, 888586, 979707, 1053690]"
1334,"[1038663, 5569327, 969945, 908531, 1053690]"
1335,"[948670, 1010681, 835973, 1058997, 1024306]"
1336,"[874972, 916122, 893018, 1038217, 987562]"
1337,"[1021164, 923670, 1029743, 1003188, 1136257]"
1338,"[1000753, 1106523, 842392, 981760, 923746]"
1340,"[13381928, 951412, 1024032, 923746, 961554]"
1342,"[948670, 871085, 898363, 995242, 981760]"
1343,"[6533765, 1005186, 964221, 995242, 981760]"
1344,"[874972, 1029743, 7168057, 867188, 965766]"
1346,"[837569, 866211, 1127831, 995242, 981760]"
1347,"[849202, 1029743, 982469, 1053690, 908531]"
1350,"[6533765, 1029743, 1051323, 923746, 1043590]"
1351,"[6533765, 1106523, 1048373, 1053690, 1096036]"
1352,"[874972, 871722, 915493, 1051516, 870515]"
1353,"[874972, 1137346, 1050851, 1096036, 1065593]"
1354,"[874972, 1005186, 866211, 908531, 847982]"
1355,"[874972, 1056509, 1075214, 995242, 923746]"
1356,"[874972, 1070820, 939527, 824005, 970030]"
1357,"[866548, 1070820, 983897, 908531, 981760]"
1358,"[1038663, 1029743, 5569230, 859075, 1085604]"
1359,"[1129049, 1075368, 8203834, 1053690, 951590]"
1360,"[837569, 1087411, 1076954, 891141, 1022254]"
1361,"[874972, 1131634, 6034857, 981760, 1133018]"
1362,"[1097350, 7169088, 921406, 995242, 981760]"
1363,"[874972, 1034956, 862010, 951590, 965766]"
1364,"[874972, 1005186, 1029743, 1024306, 961554]"
1366,"[5566800, 1120594, 13381722, 1136257, 824005]"
1367,"[970866, 15596956, 1126899, 914190, 865178]"
1368,"[1103513, 916122, 944137, 979707, 995242]"
1369,"[857538, 1126899, 985889, 1024306, 962568]"
1370,"[1000753, 5563693, 8090539, 1068719, 923746]"
1373,"[9655676, 6034857, 9189640, 995242, 981760]"
1374,"[921438, 944534, 1106523, 844165, 965766]"
1375,"[899019, 1029743, 1104343, 1046262, 845208]"
1376,"[1034176, 1029743, 7168055, 865178, 859075]"
1378,"[6552318, 9653535, 909268, 1058997, 824005]"
1379,"[848029, 1029743, 993379, 914190, 873654]"
1380,"[959737, 1029743, 1128812, 981760, 1024306]"
1381,"[6533765, 12352015, 1106523, 981760, 923746]"
1382,"[914240, 1029743, 8090508, 951590, 1068719]"
1383,"[878715, 12695508, 909714, 995242, 981760]"
1384,"[1000753, 1004906, 880150, 1065593, 847982]"
1385,"[1075765, 1029743, 890909, 1043590, 1096036]"
1387,"[1000753, 854133, 1017369, 981760, 1037863]"
1388,"[849202, 1022066, 997025, 1101173, 951590]"
1389,"[874972, 1123045, 986912, 995242, 1027569]"
1390,"[882308, 5569230, 12648296, 1068719, 859075]"
1391,"[848029, 1110624, 6034857, 995242, 1037863]"
1393,"[874972, 6919082, 1127179, 1137688, 979707]"
1394,"[870559, 940947, 1125601, 962568, 995242]"
1395,"[916578, 6533608, 1126899, 981760, 923746]"
1397,"[1000753, 918046, 1106523, 965766, 883932]"
1398,"[948670, 973773, 986912, 1053690, 981760]"
1399,"[6533765, 5580801, 12754165, 981760, 1058997]"
1401,"[1038663, 878996, 1135258, 995242, 845208]"
1402,"[1000753, 939789, 12731299, 1037863, 962568]"
1403,"[1013928, 1075368, 5569230, 859075, 908531]"
1405,"[871563, 844179, 6533581, 923746, 1053690]"
1406,"[826666, 1029743, 1138443, 981760, 1068719]"
1408,"[1013928, 8090956, 15452705, 908531, 981760]"
1409,"[942565, 1116050, 244960, 962568, 1068719]"
1410,"[874972, 1029743, 1092937, 962568, 1068719]"
1412,"[1058754, 1029743, 9487606, 951590, 883932]"
1413,"[9396767, 1082212, 1129266, 981760, 1133018]"
1414,"[1118235, 1126899, 826120, 1053690, 981760]"
1417,"[10198378, 1106523, 1068561, 923746, 833025]"
1418,"[1129296, 954778, 990797, 962568, 961554]"
1419,"[1017075, 1106523, 1044078, 870547, 845208]"
1421,"[874972, 8090521, 1029743, 859075, 914190]"
1423,"[6533765, 5981267, 13008334, 981760, 1133018]"
1425,"[874972, 1029743, 8090537, 1053690, 962229]"
1426,"[874972, 1082990, 971922, 951590, 981760]"
1427,"[6533765, 1075032, 1029743, 1065593, 1043590]"
1428,"[904129, 1029743, 839419, 896369, 914190]"
1429,"[948670, 1126899, 1003524, 908531, 896369]"
1430,"[906844, 1126899, 9858847, 913785, 1077555]"
1431,"[849544, 1060292, 5569230, 981760, 995242]"
1434,"[874972, 1075368, 9297319, 961554, 847982]"
1437,"[1129049, 1044078, 1029743, 913785, 1101173]"
1440,"[874972, 1106523, 844179, 870547, 965766]"
1443,"[906844, 945662, 965091, 995242, 981760]"
1445,"[1098025, 6034857, 909714, 914190, 913785]"
1447,"[1039455, 1128016, 5592094, 1053690, 1085604]"
1450,"[6533765, 9527417, 893018, 923746, 1133018]"
1451,"[970747, 1070820, 989275, 1136257, 873654]"
1452,"[1013928, 837495, 9368289, 981760, 909894]"
1453,"[874972, 1005186, 1092588, 913785, 933637]"
1454,"[1108094, 878996, 1029743, 961554, 865178]"
1457,"[836445, 1044078, 1106523, 1043590, 965766]"
1458,"[874972, 962266, 933067, 1022254, 979707]"
1459,"[874972, 857130, 934948, 979707, 951590]"
1461,"[6533765, 1029743, 1000753, 845208, 923746]"
1462,"[874972, 997423, 890695, 961554, 865178]"
1463,"[874972, 8090560, 6391497, 1096036, 1068719]"
1464,"[958023, 854852, 916122, 1068719, 859075]"
1465,"[9655679, 971922, 921406, 903325, 981760]"
1466,"[874972, 1029743, 949294, 981760, 908531]"
1467,"[860248, 1005186, 986912, 1053690, 908531]"
1470,"[874972, 1029743, 1063739, 961554, 914190]"
1471,"[9704174, 913210, 1118306, 995242, 981760]"
1473,"[970747, 1126899, 10344585, 1137688, 1051516]"
1474,"[874972, 1106523, 5569230, 1068719, 844165]"
1475,"[1048257, 969568, 1027835, 1136257, 979707]"
1476,"[1057749, 907099, 823099, 1027569, 961554]"
1479,"[904129, 977374, 1029743, 1092026, 1003188]"
1480,"[6533765, 1029743, 1044078, 981760, 923746]"
1481,"[6533765, 910032, 13513326, 913785, 961554]"
1483,"[1038663, 5569230, 1083446, 1136257, 909894]"
1484,"[970747, 1127831, 915459, 824005, 865178]"
1485,"[878715, 1106523, 1075368, 981760, 1053690]"
1487,"[970747, 940947, 5569230, 981760, 1053690]"
1488,"[904129, 1059153, 1126899, 1096036, 9337581]"
1489,"[849202, 1029743, 9553382, 952317, 1003188]"
1490,"[874972, 9297574, 8290421, 979707, 1103629]"
1491,"[981677, 1029743, 928749, 961554, 1037863]"
1492,"[1000753, 901062, 6904786, 923746, 1133018]"
1493,"[874972, 1106523, 1097001, 1092026, 951590]"
1494,"[836445, 865705, 938687, 962568, 979707]"
1495,"[831407, 986912, 1038745, 845208, 909894]"
1499,"[12810464, 8203720, 9655078, 962568, 1024306]"
1500,"[6533765, 1104898, 1091090, 995242, 965766]"
1501,"[970747, 1070820, 1116741, 1137688, 1117514]"
1502,"[860248, 1070820, 1017195, 981760, 1053690]"
1506,"[1013928, 1044078, 869047, 995242, 1068719]"
1507,"[848029, 825218, 899624, 845208, 981760]"
1508,"[874972, 1126899, 932949, 961554, 1024306]"
1509,"[1055022, 1028422, 1029743, 961554, 965766]"
1510,"[6533765, 986912, 1005186, 961554, 1027569]"
1511,"[874972, 1106523, 7146026, 965766, 1092026]"
1512,"[904129, 1029743, 8090521, 1053690, 961554]"
1513,"[1097350, 1137346, 7462562, 981760, 1065593]"
1514,"[944142, 1126899, 1006184, 824005, 987562]"
1515,"[874972, 911454, 933835, 859075, 1101173]"
1517,"[948670, 1070820, 866871, 9526410, 1027569]"
1518,"[874972, 1029743, 1124029, 981760, 1037863]"
1519,"[878715, 1070820, 5569230, 961554, 979707]"
1520,"[874972, 1029743, 5577022, 914190, 979707]"
1521,"[1000753, 819978, 916122, 981760, 923746]"
1523,"[1130729, 1029743, 893018, 1062966, 896369]"
1524,"[948670, 1126899, 5569374, 1027569, 962568]"
1525,"[883819, 1029743, 871756, 981760, 1062966]"
1526,"[12810391, 8090537, 864335, 923746, 1024306]"
1527,"[8116306, 1029743, 1101010, 970030, 824005]"
1528,"[948670, 1006922, 1075368, 1003188, 896369]"
1529,"[13213240, 965530, 936117, 1068719, 859075]"
1530,"[1079913, 936830, 999104, 903325, 981760]"
1531,"[874972, 916122, 1126899, 1053690, 962568]"
1532,"[866488, 5569471, 1108776, 981760, 951590]"
1533,"[948670, 971474, 1098248, 995242, 981760]"
1534,"[864893, 1070820, 13512837, 987724, 859010]"
1535,"[1002787, 1106523, 844179, 969866, 939636]"
1536,"[874972, 8090532, 1075368, 908531, 833025]"
1537,"[12731432, 1029743, 5569230, 1085604, 1092026]"
1539,"[849202, 824193, 904435, 995242, 981760]"
1540,"[6533765, 911311, 1106523, 908531, 952317]"
1541,"[968072, 1029743, 849578, 1136257, 1101173]"
1542,"[874972, 868161, 6979578, 981760, 923746]"
1543,"[874972, 1096573, 1029743, 1096036, 961554]"
1545,"[901067, 1106523, 8090521, 914190, 979707]"
1546,"[6533765, 1070129, 1029743, 847982, 1058779]"
1547,"[1075007, 940071, 857902, 1024306, 1058997]"
1548,"[1134483, 1029743, 835098, 923746, 1096036]"
1549,"[6533765, 986912, 1106523, 923746, 939636]"
1550,"[6533765, 1106523, 1096667, 1043590, 8205218]"
1552,"[9392953, 1029743, 944836, 981760, 914190]"
1553,"[853449, 874972, 1076056, 995242, 981760]"
1555,"[1119946, 1005186, 1029743, 1096036, 859075]"
1556,"[948670, 916122, 893018, 847982, 9337581]"
1557,"[1020208, 1106523, 901776, 1028816, 962568]"
1558,"[5588817, 5569374, 1030093, 1101173, 951590]"
1559,"[977927, 1026945, 1075368, 995242, 961554]"
1560,"[9835223, 1021519, 1029743, 908531, 833025]"
1563,"[874972, 957951, 951412, 845208, 1068719]"
1564,"[958594, 933248, 999250, 995242, 923746]"
1566,"[943940, 1118623, 976199, 1101173, 918368]"
1567,"[6533765, 1026118, 8015407, 995242, 969866]"
1568,"[901067, 882489, 1051323, 1077555, 979707]"
1569,"[904997, 856827, 866211, 981760, 1068719]"
1570,"[979551, 1112825, 9483753, 923746, 1068719]"
1571,"[1118946, 1062128, 954966, 995242, 1053690]"
1572,"[1033984, 1126899, 9835509, 981760, 914190]"
1575,"[1048257, 1119405, 1026118, 1058997, 962568]"
1576,"[6533765, 857902, 1029743, 845208, 969866]"
1577,"[874972, 1029743, 997796, 987724, 1092026]"
1578,"[874972, 916122, 1063207, 1101173, 951590]"
1579,"[938074, 1029743, 1005186, 1077555, 913785]"
1580,"[6533765, 1005186, 1029743, 1065593, 981760]"
1581,"[1078717, 1029743, 6463775, 961554, 1024306]"
1584,"[8293437, 957736, 1029743, 1068719, 914190]"
1585,"[1076842, 1126899, 5569471, 981760, 979707]"
1587,"[1055022, 1029743, 898867, 981760, 1053690]"
1588,"[948670, 6034857, 841016, 1051516, 825541]"
1590,"[824977, 1028891, 1029743, 1068719, 914190]"
1591,"[849202, 1070820, 1001827, 970030, 913785]"
1592,"[874972, 10201384, 6979526, 981760, 961554]"
1593,"[860248, 1029743, 1110857, 981760, 961554]"
1594,"[6533765, 1106523, 1101010, 951590, 5592931]"
1595,"[904129, 971922, 5568378, 859075, 961554]"
1596,"[1004436, 1033046, 1046816, 981760, 913785]"
1598,"[874972, 986912, 1029743, 913785, 923746]"
1599,"[1013928, 1025611, 901976, 1108131, 1003188]"
1600,"[863762, 1093413, 1106523, 981760, 844165]"
1602,"[874972, 1029743, 1006483, 865178, 1068719]"
1604,"[948670, 832678, 1051211, 995242, 951590]"
1607,"[948670, 5569230, 1091365, 995242, 981760]"
1608,"[948670, 1029743, 1026118, 961554, 903325]"
1609,"[9677366, 6632283, 1029743, 10121965, 951197]"
1611,"[9655676, 8181555, 1029743, 981760, 1053690]"
1612,"[1046562, 1126899, 901062, 951590, 913785]"
1614,"[6533765, 944172, 1063739, 995242, 1024306]"
1618,"[874972, 1006184, 1138443, 1027569, 1058997]"
1619,"[874972, 970160, 1075368, 962568, 903325]"
1620,"[884572, 1106523, 5587656, 1118533, 845208]"
1621,"[904129, 1106523, 845914, 1068719, 908531]"
1622,"[948670, 1026209, 1029743, 1024306, 962568]"
1623,"[6533765, 1106523, 872060, 845208, 934639]"
1624,"[6533765, 5569230, 986912, 1133018, 923746]"
1627,"[6533765, 861184, 880427, 981760, 995242]"
1628,"[5581788, 7409621, 5571541, 995242, 981760]"
1630,"[865671, 1107760, 865026, 1037863, 883932]"
1631,"[904129, 1029743, 5569327, 1134522, 925626]"
1632,"[874972, 1070820, 916993, 962568, 903325]"
1633,"[874972, 1029743, 1064213, 979707, 1027569]"
1634,"[904129, 907631, 1044078, 859075, 952317]"
1636,"[6533765, 972931, 1106523, 981760, 1053690]"
1637,"[948670, 1014948, 866540, 995242, 981760]"
1638,"[948670, 10457044, 1127831, 995242, 909894]"
1640,"[12172071, 8090521, 1075368, 908531, 995242]"
1641,"[1119946, 1126899, 1125530, 981760, 961554]"
1642,"[948670, 1106523, 854852, 1024306, 962568]"
1643,"[9524291, 1016800, 1106523, 1085604, 908531]"
1644,"[1134483, 1095926, 1093019, 981760, 1053690]"
1645,"[1108094, 9547021, 878996, 981760, 1133018]"
1646,"[1433194, 1271704, 1009719, 1053690, 923746]"
1647,"[874972, 1057102, 887503, 995242, 961554]"
1648,"[848029, 1106523, 8090440, 923746, 1068719]"
1649,"[1018184, 849003, 916122, 981760, 995242]"
1650,"[874972, 944137, 6034857, 1022254, 995242]"
1651,"[948670, 1135822, 1114483, 903325, 1022254]"
1652,"[1034176, 5567502, 880888, 995242, 981760]"
1653,"[848029, 1029743, 1055572, 987724, 1003188]"
1654,"[926737, 9553347, 8090533, 981760, 1053690]"
1657,"[6533765, 1106523, 1021164, 923746, 951590]"
1658,"[833940, 1070845, 1006184, 951590, 883932]"
1659,"[874972, 1029743, 6034857, 923746, 845208]"
1660,"[1027480, 955854, 1106523, 1043590, 1096036]"
1662,"[1048257, 880427, 1126899, 1028816, 824005]"
1663,"[849202, 1092118, 867827, 995242, 1053690]"
1664,"[874972, 876815, 13213552, 859075, 995242]"
1665,"[6533765, 986912, 6602697, 981760, 1096036]"
1666,"[874972, 983584, 1122358, 1133018, 1053690]"
1668,"[874972, 1106523, 835098, 962568, 961554]"
1669,"[849202, 857503, 879506, 995242, 981760]"
1672,"[6533765, 1096066, 1029743, 981760, 1062966]"
1673,"[1038663, 1106523, 973630, 913785, 870547]"
1676,"[970747, 1026258, 824305, 1116821, 865178]"
1677,"[874972, 1029743, 908514, 883932, 951590]"
1680,"[874972, 6443350, 1126899, 961554, 1065593]"
1683,"[874972, 5574377, 5569471, 995242, 1024306]"
1684,"[1118235, 1106523, 9881593, 908531, 859075]"
1685,"[942565, 1091365, 1005274, 1053690, 862349]"
1686,"[874972, 953539, 1005186, 981760, 908531]"
1687,"[874972, 5995603, 1126899, 970030, 1137688]"
1688,"[874972, 1029743, 1028715, 981760, 1096036]"
1689,"[916578, 835300, 1000753, 5592931, 847982]"
1690,"[9553176, 883871, 832678, 965766, 1037863]"
1692,"[904129, 1029743, 1044078, 847982, 859075]"
1693,"[970747, 1126899, 6391381, 981760, 1024306]"
1694,"[6533765, 835098, 972931, 995242, 1134522]"
1695,"[1134483, 6533765, 1026209, 995242, 981760]"
1696,"[6979437, 1091926, 1029743, 981760, 962568]"
1697,"[829291, 1044078, 1029743, 1101173, 1092026]"
1698,"[6533765, 5585510, 965267, 1133018, 1062966]"
1699,"[874972, 1043494, 993638, 995242, 1053690]"
1700,"[6533765, 930385, 5568378, 1065593, 1096036]"
1701,"[877611, 5568378, 5569230, 1133018, 961554]"
1703,"[1002787, 1106523, 842423, 1043590, 913785]"
1704,"[873324, 1407216, 904359, 1096036, 908531]"
1705,"[6533765, 6602697, 5568378, 1062966, 1068719]"
1706,"[860248, 1082141, 1075175, 995242, 908531]"
1707,"[948670, 831063, 834993, 1053690, 965766]"
1708,"[848029, 1029743, 944534, 845208, 914190]"
1709,"[874972, 7166861, 1036939, 1053690, 961554]"
1710,"[970747, 952568, 993436, 961554, 1051516]"
1712,"[874972, 5568721, 5591520, 995242, 981760]"
1713,"[1082627, 851188, 893362, 995242, 981760]"
1715,"[1048257, 942151, 951412, 962568, 1119051]"
1716,"[6533765, 1065061, 12302069, 951590, 908531]"
1717,"[12810391, 1029743, 899682, 981760, 923746]"
1718,"[1000753, 1070820, 1137775, 981760, 923746]"
1719,"[874972, 1070820, 916993, 951590, 914190]"
1720,"[874972, 819978, 834117, 883932, 940766]"
1721,"[6533765, 12524174, 962844, 981760, 995242]"
1722,"[948670, 1126899, 1097001, 909894, 1096036]"
1723,"[870559, 13776765, 876626, 1037863, 923746]"
1724,"[1119946, 1126899, 1127831, 903325, 1137688]"
1726,"[1079913, 1044487, 1071446, 970030, 961554]"
1728,"[5995072, 9419470, 946055, 1053690, 951590]"
1729,"[874972, 1110843, 1029743, 859075, 1096036]"
1730,"[6533765, 5569230, 8064946, 995242, 981760]"
1731,"[848029, 1126899, 5569135, 908531, 859075]"
1732,"[982469, 1029743, 844179, 981760, 1068719]"
1733,"[5566800, 894439, 6904613, 981760, 995242]"
1734,"[950638, 1026118, 1075368, 995242, 981760]"
1735,"[995151, 1082990, 859426, 979707, 1053690]"
1737,"[948670, 849003, 901062, 1024306, 981760]"
1738,"[874972, 922847, 1040807, 995242, 1053690]"
1739,"[1038663, 5568378, 1106523, 981760, 1092026]"
1740,"[874972, 1074333, 12946027, 981760, 961554]"
1742,"[908843, 929018, 12810393, 987562, 1043590]"
1743,"[958594, 1004906, 990797, 981760, 1133018]"
1745,"[1038663, 871756, 902377, 1133018, 1043590]"
1747,"[1038663, 1106523, 1011502, 1038217, 908531]"
1748,"[874972, 1106523, 891505, 1068719, 987562]"
1749,"[878715, 1042571, 934399, 1053690, 1024306]"
1750,"[904997, 916122, 909714, 961554, 1133018]"
1751,"[882308, 1070820, 5569230, 1136257, 908531]"
1752,"[836445, 1106523, 1044078, 870547, 1101173]"
1753,"[849202, 986912, 1106523, 859075, 833025]"
1754,"[6533765, 1029743, 1139569, 1096036, 1038217]"
1755,"[874972, 999714, 8090521, 995242, 981760]"
1756,"[849202, 1070820, 898063, 961554, 914190]"
1758,"[874972, 1126899, 6632668, 981760, 961554]"
1759,"[948670, 1126899, 1005186, 908531, 921744]"
1760,"[874972, 5568339, 1029743, 981760, 1053690]"
1761,"[836445, 854852, 865026, 1037863, 1022254]"
1762,"[904129, 1029743, 983584, 873654, 1134522]"
1763,"[1118623, 1106523, 1075368, 845208, 951590]"
1764,"[6633031, 1126899, 5565925, 979707, 933637]"
1765,"[6533765, 1043494, 916122, 1065593, 1133018]"
1766,"[6533765, 1005186, 8090537, 981760, 995242]"
1767,"[1038663, 986912, 1116635, 909894, 918368]"
1768,"[1000753, 12946027, 899624, 1037863, 845208]"
1769,"[900379, 999625, 5563693, 1068719, 913785]"
1770,"[874972, 919126, 7410336, 1024306, 1068719]"
1773,"[1070723, 834158, 831888, 1058997, 962568]"
1774,"[874972, 8090537, 990797, 981760, 873627]"
1775,"[9677366, 1126899, 823576, 10121965, 933637]"
1776,"[948670, 986912, 1111763, 923746, 962568]"
1778,"[874972, 1029743, 1004906, 913785, 965766]"
1779,"[1000753, 1070820, 963365, 979707, 890610]"
1780,"[836445, 7025186, 1106523, 965766, 1101173]"
1781,"[874972, 878996, 847207, 981760, 903325]"
1783,"[860248, 9835509, 1029743, 970030, 824005]"
1784,"[874972, 1074541, 917406, 903325, 995242]"
1785,"[948670, 1126899, 916122, 981760, 1117514]"
1787,"[6533765, 839419, 1025611, 1065593, 909894]"
1788,"[1079913, 909714, 957080, 1119051, 1024306]"
1789,"[10308337, 955716, 1109778, 995242, 981760]"
1790,"[874972, 820923, 8293898, 1024306, 962568]"
1791,"[12810464, 976199, 916122, 923746, 1133018]"
1792,"[874972, 1075368, 1106523, 1053690, 883932]"
1793,"[5591777, 1033857, 1106523, 1037863, 923746]"
1794,"[874972, 5569230, 1106523, 859075, 981760]"
1795,"[948670, 1070820, 9655482, 909894, 1003188]"
1796,"[1103808, 1029743, 1013578, 1085604, 870547]"
1797,"[1000753, 829621, 1112825, 1037863, 865178]"
1798,"[874972, 866211, 970605, 1058997, 979707]"
1800,"[874972, 983584, 9297151, 961554, 1024306]"
1801,"[1013928, 1128163, 854900, 1053690, 981760]"
1802,"[9677366, 1101653, 884089, 898068, 970030]"
1803,"[939860, 1086001, 826690, 908531, 914190]"
1804,"[1075007, 1029743, 1127831, 890610, 845208]"
1805,"[1065017, 1075368, 931255, 995242, 1053690]"
1806,"[12810391, 1029743, 893018, 859075, 1068719]"
1807,"[874972, 1112825, 1126899, 962568, 824005]"
1808,"[874972, 1005186, 1037840, 981760, 961554]"
1809,"[948670, 1055504, 8090536, 962568, 1058997]"
1810,"[1108094, 903529, 7433029, 981760, 961554]"
1811,"[826666, 857262, 1135258, 995242, 1096036]"
1812,"[6533765, 1075282, 852014, 909894, 923746]"
1814,"[874972, 43020, 1130331, 981760, 833025]"
1815,"[829291, 1029743, 990256, 981760, 1024306]"
1816,"[1074775, 1029743, 1118264, 1053690, 1085604]"
1817,"[1020208, 1005274, 1036106, 1037863, 883932]"
1818,"[1134736, 906917, 878996, 981760, 995242]"
1821,"[874972, 1106523, 983584, 981760, 1068719]"
1822,"[6533765, 986912, 1029743, 939636, 1065593]"
1823,"[874972, 1070820, 1006264, 865178, 903325]"
1824,"[874972, 1106523, 5569471, 1068719, 979707]"
1826,"[1038663, 1029743, 933835, 844165, 909894]"
1829,"[874972, 914753, 7152319, 981760, 1037863]"
1831,"[848029, 909268, 1131382, 865178, 903325]"
1832,"[848029, 8293703, 1137775, 995242, 962568]"
1833,"[874972, 1106523, 865233, 1068719, 951590]"
1835,"[9677366, 1026258, 1015067, 903325, 865178]"
1836,"[874972, 1023160, 6391195, 1027569, 862349]"
1837,"[849549, 8090537, 8019681, 1058997, 961554]"
1838,"[1025535, 5569471, 990797, 981760, 1038217]"
1839,"[874972, 9553048, 9297156, 951590, 981760]"
1841,"[1000753, 925350, 1062572, 914190, 1068719]"
1843,"[7410217, 1058629, 1081177, 995242, 981760]"
1844,"[968072, 1039028, 8203834, 981760, 961554]"
1845,"[9677366, 1126899, 1127831, 1024731, 866172]"
1846,"[874972, 5569471, 5567502, 1053690, 951590]"
1847,"[6533765, 1070820, 866355, 1053690, 1024306]"
1848,"[874972, 1135834, 892573, 961554, 885290]"
1849,"[848029, 1005186, 1029743, 908531, 962568]"
1850,"[9677366, 1127831, 1062002, 1058997, 891954]"
1853,"[9655679, 1075368, 1069582, 995242, 1053690]"
1854,"[5565086, 1055504, 9245046, 981760, 1028816]"
1856,"[874972, 986912, 978077, 979707, 987562]"
1857,"[874972, 1031316, 1009368, 951590, 1053690]"
1858,"[860248, 8119101, 992986, 995242, 981760]"
1861,"[6533765, 1029743, 5568378, 844165, 1043590]"
1862,"[874972, 1005186, 854852, 981760, 961554]"
1864,"[9677366, 965842, 894570, 1137688, 1116821]"
1865,"[874972, 939789, 1070820, 962568, 961554]"
1867,"[849202, 994894, 5569845, 995242, 981760]"
1868,"[1103808, 8090537, 846823, 1065593, 1096036]"
1869,"[8020166, 1126899, 916122, 979707, 1024306]"
1871,"[874972, 1026118, 854852, 981760, 995242]"
1872,"[1108094, 12263408, 5574358, 995242, 1053690]"
1873,"[6533765, 1106523, 1037840, 1096036, 844165]"
1876,"[6533765, 1029743, 1127831, 951590, 981760]"
1877,"[1013928, 1029743, 12648296, 1092026, 981760]"
1879,"[948670, 933835, 922561, 995242, 962568]"
1880,"[1038663, 1106523, 9707240, 1096036, 923746]"
1881,"[874972, 852360, 901062, 1053690, 1068719]"
1882,"[904129, 914012, 1009368, 995242, 981760]"
1883,"[874972, 891505, 8090521, 965766, 844165]"
1884,"[1079913, 820301, 983267, 995242, 951590]"
1885,"[849202, 928932, 957951, 995242, 981760]"
1886,"[1065538, 1106523, 898869, 981760, 923746]"
1887,"[948670, 1126899, 872137, 1024306, 962568]"
1889,"[948239, 1132911, 1075175, 981760, 1068719]"
1890,"[1079913, 1126899, 1061982, 1137688, 981760]"
1891,"[948670, 1055425, 1114251, 1058997, 961554]"
1892,"[6533765, 1093413, 6979089, 5592931, 870547]"
1895,"[1129049, 1044078, 6513810, 995242, 923746]"
1896,"[874972, 1037840, 1060408, 981760, 1024306]"
1898,"[948670, 1003616, 820486, 1058997, 961554]"
1899,"[874972, 1029743, 1122358, 965766, 913785]"
1900,"[9831557, 920002, 1037332, 914190, 883932]"
1901,"[1013928, 1005186, 1029743, 847982, 1102949]"
1903,"[6533765, 917033, 916122, 908531, 995242]"
1904,"[874972, 1123842, 896862, 981760, 1133018]"
1906,"[1034176, 871633, 1115800, 859075, 1068719]"
1907,"[848029, 1125601, 1075368, 1037863, 865178]"
1909,"[955259, 1044078, 1139142, 995242, 981760]"
1911,"[1038663, 1118033, 844179, 923746, 1133018]"
1912,"[956400, 865026, 12302069, 1065593, 1096036]"
1914,"[874972, 5574377, 948640, 981760, 951590]"
1916,"[6533765, 1106523, 7466852, 934639, 1065593]"
1917,"[975085, 1029743, 896085, 1024306, 1022254]"
1918,"[1118235, 1029743, 6463710, 859075, 914190]"
1919,"[6533765, 1106523, 1059080, 923746, 1038217]"
1920,"[9677366, 1019643, 1079941, 1058997, 1028816]"
1922,"[948670, 873550, 10457044, 995242, 961554]"
1923,"[948670, 992986, 9420064, 862349, 1027569]"
1924,"[904129, 965772, 983584, 859075, 1068719]"
1925,"[6533765, 1106523, 12262832, 923746, 1068719]"
1926,"[12262830, 8118508, 916122, 1022254, 962568]"
1927,"[913482, 1029743, 5585510, 5592931, 951190]"
1928,"[948670, 983584, 1070820, 9337581, 981760]"
1929,"[874972, 896085, 933835, 913785, 1101173]"
1930,"[874972, 935460, 1122358, 965766, 844165]"
1931,"[831407, 1048727, 1130858, 1037863, 5592931]"
1932,"[12262778, 916122, 1095964, 908531, 961554]"
1935,"[998519, 1126899, 999104, 979707, 951590]"
1936,"[874972, 1029743, 1005186, 951590, 844165]"
1937,"[1000753, 1093603, 1070820, 981760, 979707]"
1939,"[1000493, 896085, 926905, 1053690, 914190]"
1940,"[836445, 950118, 1094924, 933637, 1051516]"
1941,"[6533765, 1106523, 998206, 981760, 1062966]"
1942,"[1021324, 5569230, 5585510, 951590, 923746]"
1943,"[6533765, 1029743, 7152455, 1065593, 870547]"
1944,"[926823, 1070820, 880427, 903325, 970030]"
1945,"[865907, 1029743, 1017127, 961554, 859075]"
1946,"[13417853, 1070820, 1037332, 1096036, 979707]"
1947,"[8353115, 845307, 1126899, 979707, 965766]"
1948,"[12810391, 916993, 6552438, 1024306, 961554]"
1949,"[908843, 1127831, 927325, 1043590, 934639]"
1950,"[9835223, 1131321, 921504, 981760, 1133018]"
1951,"[852015, 13008327, 1127831, 995242, 981760]"
1952,"[1025535, 1029743, 895166, 981760, 923746]"
1953,"[874972, 916122, 944137, 962568, 1037863]"
1954,"[1129049, 1026118, 1084036, 1133018, 981760]"
1955,"[874972, 1063739, 1106523, 913785, 873627]"
1956,"[970866, 1126899, 933835, 981760, 1053690]"
1957,"[5592232, 1029743, 9245108, 981760, 1053690]"
1958,"[948670, 1005186, 857503, 1058997, 1024306]"
1959,"[866548, 896085, 929018, 981760, 1038217]"
1960,"[874972, 839656, 1070820, 981760, 951590]"
1961,"[1061228, 1106523, 1004906, 859075, 1085604]"
1962,"[874972, 1056509, 1076580, 981760, 961554]"
1963,"[968072, 886996, 5569374, 1058997, 981760]"
1964,"[1000753, 870428, 1127831, 847982, 909894]"
1965,"[948670, 967661, 9881592, 995242, 961554]"
1966,"[948670, 950271, 1070820, 1137688, 979707]"
1967,"[948670, 1127831, 5569303, 1058997, 896369]"
1968,"[874972, 1122358, 1082212, 979707, 1065593]"
1969,"[1038663, 1029743, 1081177, 908531, 1053690]"
1970,"[1013928, 7147145, 918046, 844165, 951590]"
1971,"[829291, 1029743, 1082212, 867188, 951590]"
1975,"[1036495, 5574377, 1108055, 1058997, 10121965]"
1976,"[849202, 1082990, 1106523, 909894, 847982]"
1978,"[970747, 1029743, 867469, 824005, 903325]"
1979,"[948670, 1106523, 888586, 981760, 962568]"
1981,"[6533765, 1126899, 1082212, 961554, 1068719]"
1982,"[874972, 10284929, 901062, 1137688, 987724]"
1983,"[1082627, 1029743, 7168026, 951590, 1092026]"
1985,"[8116306, 1106523, 5569230, 913785, 981760]"
1987,"[9524291, 1271704, 882826, 1053690, 981760]"
1988,"[874972, 1106523, 946995, 859075, 981760]"
1989,"[1000753, 1005186, 7441419, 981760, 962568]"
1990,"[948670, 1029743, 856942, 903325, 1137688]"
1991,"[6533765, 926905, 957736, 1053690, 981760]"
1992,"[1018818, 915605, 857176, 981760, 995242]"
1993,"[6533765, 1043787, 1018740, 995242, 981760]"
1994,"[874972, 1091365, 5568378, 995242, 961554]"
1995,"[970747, 1029743, 901062, 1136257, 903325]"
1996,"[948239, 1126899, 6034577, 1053690, 903325]"
1997,"[874972, 1033347, 1126899, 970030, 824005]"
1998,"[1036495, 1106523, 1044078, 1096036, 1085604]"
1999,"[6533765, 1086238, 1072086, 981760, 1133018]"
2000,"[8019921, 1050851, 8090521, 981760, 1053690]"
2001,"[1106872, 1126899, 1127831, 923746, 908531]"
2003,"[874972, 10344585, 867547, 981760, 1027569]"
2004,"[874972, 1055425, 8177622, 867188, 914190]"
2005,"[6533765, 819978, 1110843, 1065593, 845208]"
2006,"[874972, 5569471, 5574377, 1024306, 1068719]"
2007,"[874972, 1106523, 1092303, 1101173, 979707]"
2008,"[849202, 1126899, 5570383, 1092026, 859075]"
2010,"[826666, 843898, 1044078, 981760, 1068719]"
2011,"[948670, 1007136, 865174, 995242, 981760]"
2012,"[982469, 868645, 972416, 1058779, 1085604]"
2014,"[836445, 1106523, 844179, 1043590, 951590]"
2015,"[1133745, 1029743, 940947, 979707, 914190]"
2016,"[6533765, 1094744, 972143, 844165, 1096036]"
2017,"[970747, 1126899, 983584, 833025, 970030]"
2018,"[970152, 1106523, 823031, 962568, 1068719]"
2019,"[1038663, 1029743, 856818, 908531, 896369]"
2020,"[955259, 1132771, 1036486, 1043590, 939636]"
2021,"[1013928, 950935, 1019142, 1133018, 923746]"
2022,"[906335, 1029743, 843689, 981760, 903325]"
2023,"[849202, 1003699, 5569374, 995242, 1053690]"
2025,"[874972, 1029743, 894570, 981760, 961554]"
2026,"[874972, 916122, 1042907, 995242, 1068719]"
2027,"[1088771, 1116635, 1044078, 1133018, 1096036]"
2028,"[849202, 1097661, 1094190, 1053690, 981760]"
2029,"[899019, 9523059, 825749, 1068719, 995242]"
2030,"[874972, 5569471, 1029743, 981760, 903325]"
2031,"[6533765, 1044078, 1038745, 1037863, 923746]"
2032,"[1002787, 1070820, 1038985, 981760, 951590]"
2033,"[874972, 1000170, 9242918, 951590, 913785]"
2034,"[970747, 1126899, 849297, 923746, 961554]"
2036,"[9677366, 1126899, 977780, 970030, 933637]"
2037,"[1038663, 1029743, 1018007, 923746, 845208]"
2038,"[860248, 1029743, 950206, 1092026, 1085604]"
2039,"[1038663, 1051323, 6039859, 1096036, 1053690]"
2040,"[1021225, 1029743, 1005186, 844165, 1096036]"
2041,"[1088771, 1074333, 1127716, 981760, 995242]"
2042,"[7147472, 1126899, 9655528, 914190, 979707]"
2043,"[1000753, 894439, 8181495, 995242, 923746]"
2046,"[6979253, 5567502, 7166861, 981760, 951590]"
2047,"[12262778, 8090537, 1106523, 859075, 1068719]"
2048,"[874972, 1106523, 944534, 951590, 1068719]"
2049,"[904129, 976199, 956672, 1053690, 951590]"
2050,"[870452, 5569230, 824176, 1065593, 833025]"
2055,"[926823, 944139, 1011926, 995242, 961554]"
2056,"[965864, 1106523, 5567325, 951590, 961554]"
2057,"[948670, 977798, 1070820, 909894, 847982]"
2058,"[874972, 1006342, 5569471, 981760, 1137688]"
2059,"[12810391, 1031316, 1126899, 845208, 1096036]"
2060,"[970152, 986912, 1029743, 981760, 951590]"
2062,"[6533765, 1029743, 1026118, 883963, 844165]"
2063,"[874972, 986912, 1005186, 962568, 1133018]"
2064,"[866548, 1006483, 1005186, 903325, 1137688]"
2065,"[852015, 8090521, 1029743, 1085604, 981760]"
2068,"[1000753, 1070820, 1127831, 891954, 1051516]"
2070,"[12810391, 1029743, 1127831, 1053690, 847982]"
2071,"[947858, 1129322, 1044078, 995242, 1096036]"
2072,"[7152889, 1070820, 1110695, 923746, 962568]"
2075,"[982469, 1029743, 1107973, 981760, 1029624]"
2076,"[874972, 880427, 1137775, 961554, 979707]"
2077,"[874972, 1106523, 832001, 981760, 1037863]"
2079,"[955259, 1106523, 1072523, 981760, 913785]"
2080,"[874972, 8090521, 936792, 1101173, 870547]"
2081,"[12810472, 1106523, 1137383, 1092026, 908531]"
2082,"[970747, 1029743, 909714, 979707, 865178]"
2083,"[874972, 1070820, 1005186, 865178, 891954]"
2084,"[878715, 12692328, 6034857, 914190, 896369]"
2085,"[6533765, 1101010, 1029743, 1136257, 9526410]"
2086,"[1070748, 1121193, 986912, 1024306, 1053690]"
2087,"[970747, 916993, 854852, 987562, 900802]"
2088,"[874972, 1029743, 1128016, 859075, 1096036]"
2089,"[948670, 1126899, 1036693, 981760, 1024306]"
2090,"[6533765, 1131506, 871611, 1065593, 1096036]"
2091,"[874972, 933835, 1002178, 951590, 1053690]"
2094,"[848029, 916993, 1070820, 900802, 979707]"
2095,"[6533765, 1106523, 1005186, 965766, 923746]"
2099,"[6533765, 1029743, 1026118, 981760, 923746]"
2100,"[947858, 944534, 1106523, 923746, 890610]"
2101,"[930486, 983584, 819978, 1053690, 951590]"
2102,"[12262778, 1021519, 940947, 865178, 903325]"
2103,"[948670, 996070, 1121393, 995242, 923746]"
2105,"[913482, 1106523, 1005186, 844165, 909894]"
2108,"[1000753, 1029743, 8090533, 845208, 1037863]"
2109,"[6533765, 997796, 1026439, 845208, 1037863]"
2110,"[9677366, 1026118, 1029743, 1051516, 1028816]"
2111,"[948670, 1126899, 847139, 961554, 1024306]"
2112,"[970747, 1029743, 5563693, 833025, 900802]"
2114,"[968072, 986912, 878996, 981760, 995242]"
2115,"[874972, 1070820, 948086, 979707, 1027569]"
2116,"[848029, 916993, 6034857, 970030, 933637]"
2119,"[12731432, 1029743, 1027168, 1096036, 1136257]"
2120,"[849202, 1029743, 1127831, 981760, 1053690]"
2121,"[1034176, 5569230, 1006483, 914190, 1024306]"
2122,"[6533765, 1113687, 825665, 995242, 981760]"
2123,"[951009, 10285454, 1076199, 962568, 847982]"
2124,"[970747, 1062002, 1106523, 962568, 1024306]"
2125,"[899019, 1029743, 5581910, 903325, 914190]"
2126,"[962615, 1126711, 948495, 981760, 970030]"
2129,"[904129, 1029743, 1050851, 987562, 896369]"
2130,"[848029, 1106523, 9487497, 1037863, 961554]"
2131,"[874972, 847207, 1029743, 962568, 923746]"
2132,"[849120, 5563739, 1127831, 1024306, 981760]"
2133,"[1057949, 1126899, 904105, 981760, 1068719]"
2134,"[848029, 1051468, 6602590, 845208, 1022254]"
2135,"[874972, 6534074, 6391381, 1022254, 981760]"
2136,"[860248, 901062, 1007269, 903325, 1137688]"
2137,"[6533765, 6463900, 5585510, 923746, 1133018]"
2138,"[5995072, 1029743, 916143, 1038217, 870547]"
2139,"[874972, 875392, 989409, 951590, 965766]"
2141,"[844462, 1070820, 983753, 1027569, 1092026]"
2142,"[829291, 6632283, 1029743, 9526410, 1053690]"
2145,"[9677366, 6391080, 851903, 981760, 995242]"
2146,"[874972, 1029743, 998678, 951590, 965766]"
2147,"[848029, 1106523, 1005274, 900802, 979707]"
2148,"[874972, 913210, 895930, 995242, 923746]"
2149,"[849202, 1106523, 939681, 845208, 951590]"
2151,"[12731517, 846823, 1029743, 844165, 1068719]"
2153,"[874972, 1029743, 1058709, 951590, 859075]"
2154,"[6533765, 1106523, 1127831, 1022254, 961554]"
2155,"[874972, 1126808, 843689, 1133018, 1068719]"
2156,"[12262830, 1122358, 965889, 981760, 951590]"
2158,"[6533765, 951412, 878996, 995242, 1065593]"
2159,"[6533765, 1038745, 8090537, 845208, 995242]"
2160,"[874972, 953539, 1070702, 981760, 962568]"
2161,"[874972, 1126899, 976214, 981760, 1027569]"
2162,"[948670, 6395907, 1029743, 1024306, 961554]"
2163,"[948670, 9338009, 1016274, 995242, 981760]"
2167,"[1038663, 1106523, 896757, 859075, 1085604]"
2168,"[1000753, 8090521, 1116253, 1133018, 909894]"
2169,"[948670, 1126899, 7025202, 981760, 923746]"
2170,"[7160764, 1037840, 1029743, 1134522, 930917]"
2171,"[6602270, 974336, 1023196, 1027569, 1024306]"
2172,"[1101744, 1029743, 1070538, 1046262, 1137688]"
2173,"[874972, 1062002, 913210, 995242, 1065593]"
2174,"[6533765, 1075368, 866211, 995242, 981760]"
2175,"[1122255, 823990, 1101822, 995242, 981760]"
2176,"[10198378, 835619, 1106523, 1096036, 1092026]"
2179,"[9831469, 883186, 871611, 1037863, 845208]"
2181,"[1034868, 9187298, 1104343, 961554, 979707]"
2182,"[849202, 279994, 1029743, 951590, 981760]"
2183,"[6633167, 1093490, 916993, 1058997, 845208]"
2184,"[901067, 1106523, 8090521, 979707, 930917]"
2185,"[968072, 5570882, 820923, 1027569, 965766]"
2186,"[917384, 1106523, 8090521, 979707, 914190]"
2188,"[948670, 1106523, 819978, 9337581, 923746]"
2189,"[904997, 913210, 1015280, 995242, 981760]"
2190,"[848029, 883003, 819978, 1068719, 1136257]"
2193,"[6551861, 1070820, 6552253, 1022254, 870515]"
2194,"[874972, 1062128, 1081177, 961554, 951590]"
2195,"[948670, 1126899, 1062002, 962568, 1024306]"
2196,"[12731432, 999104, 1027835, 1133018, 845208]"
2197,"[1021324, 5569230, 839243, 995242, 1053690]"
2198,"[1013928, 844179, 1000925, 923746, 1068719]"
2199,"[948670, 916993, 1126899, 1027569, 979707]"
2200,"[874972, 916122, 1106523, 1101173, 864774]"
2202,"[874972, 944137, 6391291, 981760, 995242]"
2203,"[1018818, 1029743, 12731571, 965766, 914190]"
2204,"[6533765, 1044078, 1026118, 923746, 1062966]"
2205,"[6533765, 1083548, 1029743, 860975, 847982]"
2206,"[874972, 1029743, 902172, 1053690, 908531]"
2207,"[6533765, 986912, 1005186, 1062966, 969866]"
2208,"[874972, 5569230, 1106523, 965766, 867188]"
2209,"[948670, 1029743, 846554, 1136257, 1068719]"
2211,"[948670, 1126899, 12487154, 1027569, 962568]"
2212,"[6533765, 1019387, 7441419, 1065593, 909894]"
2213,"[970747, 995965, 1106523, 1051516, 923746]"
2214,"[849202, 1063515, 13776705, 995242, 1053690]"
2215,"[13506119, 890695, 1112205, 995242, 962568]"
2217,"[948670, 1092588, 1055504, 962568, 981760]"
2221,"[948670, 7410321, 1126899, 847982, 1065593]"
2222,"[1034176, 5569230, 933918, 833025, 883932]"
2223,"[6533765, 878222, 891463, 844165, 1065593]"
2224,"[1007279, 923670, 1029743, 979707, 859075]"
2225,"[894499, 9483753, 866871, 970030, 981760]"
2226,"[948670, 1056509, 1106523, 961554, 981760]"
2228,"[916578, 1037840, 1106523, 1068719, 914190]"
2229,"[1034176, 880427, 7166797, 995242, 1136257]"
2231,"[1048257, 1126899, 5981267, 962568, 1022254]"
2233,"[860248, 7167970, 1081177, 824005, 865178]"
2234,"[1122255, 854754, 984315, 1037863, 870515]"
2235,"[943320, 857130, 937292, 979707, 1022254]"
2237,"[849202, 1100265, 916122, 923746, 995242]"
2238,"[6533765, 918746, 1029743, 923746, 909894]"
2239,"[9835223, 1029743, 983584, 981760, 833025]"
2240,"[982469, 1106523, 1044188, 859075, 1101173]"
2241,"[6533765, 1029743, 8273833, 1096036, 844165]"
2243,"[1133745, 971922, 7025202, 987562, 1068719]"
2244,"[6533765, 907631, 1029743, 883963, 879755]"
2245,"[6533765, 1044078, 1081177, 951590, 965766]"
2247,"[1065538, 1106523, 1110843, 1037863, 951590]"
2248,"[1075514, 976214, 932863, 995242, 1053690]"
2250,"[874972, 1029743, 964734, 1096036, 833025]"
2252,"[970866, 1029743, 1130858, 1038217, 845208]"
2253,"[1038663, 998352, 1029743, 981760, 1053690]"
2256,"[10198378, 1051211, 13672062, 981760, 995242]"
2257,"[1126465, 1104349, 1106523, 981760, 951590]"
2258,"[833940, 1126899, 866211, 981760, 1027569]"
2259,"[6533765, 13512542, 13115894, 1133018, 981760]"
2260,"[866548, 1029743, 9553154, 965766, 1068719]"
2261,"[975085, 1106523, 983584, 1136257, 914190]"
2262,"[6533765, 1019247, 6773232, 995242, 923746]"
2263,"[8203606, 986912, 976199, 1133018, 962568]"
2264,"[9655676, 1126899, 10457044, 1136257, 870515]"
2266,"[970747, 923789, 866211, 1058997, 825541]"
2267,"[874972, 1126899, 913210, 981760, 961554]"
2269,"[874972, 844179, 935578, 1133018, 845208]"
2270,"[6533765, 1005186, 922561, 923746, 5592931]"
2271,"[948670, 993638, 986912, 923746, 962568]"
2272,"[874972, 15596112, 1040807, 981760, 995242]"
2273,"[874972, 6979089, 1029743, 961554, 979707]"
2274,"[874972, 933835, 1101010, 995242, 1068719]"
2275,"[1134483, 916122, 1044078, 961554, 965766]"
2276,"[6533765, 839656, 872826, 1096036, 847982]"
2277,"[826666, 1097001, 1106523, 833025, 909894]"
2278,"[13007264, 1017220, 901062, 981760, 995242]"
2279,"[874972, 849697, 1009368, 981760, 995242]"
2280,"[982469, 1093603, 1070820, 962568, 965766]"
2281,"[874972, 13213082, 6534077, 961554, 981760]"
2282,"[956721, 1070820, 7024990, 1037863, 981760]"
2283,"[949030, 1106523, 8119004, 961554, 908531]"
2284,"[1048257, 1070820, 9677670, 1046262, 870515]"
2285,"[860248, 8293343, 857503, 862349, 1027569]"
2287,"[948670, 971922, 1029743, 981760, 951590]"
2288,"[1118946, 7464370, 986912, 995242, 908531]"
2289,"[984680, 10285017, 1029743, 981760, 908531]"
2290,"[874972, 1029743, 996891, 951590, 1053690]"
2291,"[929248, 12523928, 986912, 995242, 981760]"
2292,"[1038663, 1029743, 880895, 923746, 1053690]"
2293,"[1048257, 1070820, 1127831, 981760, 903325]"
2294,"[1038663, 1106523, 1075368, 833025, 1044895]"
2295,"[1038663, 950206, 6533681, 5592931, 824005]"
2296,"[904129, 1029743, 877498, 908531, 896369]"
2297,"[6533765, 857006, 1106523, 981760, 1037863]"
2298,"[826666, 871756, 910032, 1068719, 965766]"
2299,"[836445, 6602697, 1081177, 933637, 979707]"
2300,"[1095964, 1029743, 999104, 1136257, 824005]"
2301,"[1057749, 1029743, 910032, 981760, 1068719]"
2302,"[1038663, 1029743, 8090532, 923746, 1053690]"
2303,"[874972, 1029743, 1002771, 951590, 1053690]"
2305,"[848029, 1029743, 1024032, 845208, 896369]"
2307,"[874972, 883003, 834435, 961554, 1058997]"
2308,"[938725, 1029743, 1068292, 961554, 1024306]"
2310,"[6533765, 1081177, 12946027, 1133018, 1037863]"
2312,"[1048257, 1070820, 916122, 1051516, 1028816]"
2314,"[1048257, 951412, 985999, 1137688, 961554]"
2315,"[9831469, 1059092, 1110057, 995242, 923746]"
2317,"[970747, 1029743, 933835, 824005, 1137688]"
2319,"[1013928, 1029743, 5569230, 1053690, 1085604]"
2322,"[9677366, 1126899, 1127831, 1022254, 1028816]"
2323,"[1088979, 5565322, 9832514, 981760, 961554]"
2324,"[865907, 1029743, 938118, 981760, 1024306]"
2325,"[6533765, 1029743, 1127831, 981760, 951590]"
2328,"[1048257, 1082990, 1106523, 961554, 903325]"
2330,"[874972, 1106523, 1049918, 981760, 865178]"
2331,"[904129, 1103105, 1029743, 9526410, 885697]"
2333,"[1075007, 6533293, 1075175, 995242, 981760]"
2334,"[906335, 1029743, 1102416, 987724, 1045220]"
2335,"[9835223, 12302069, 1029743, 1096036, 1092026]"
2336,"[1038663, 1029743, 1069582, 923746, 987562]"
2337,"[6533765, 1097398, 1067695, 913785, 909894]"
2338,"[948670, 1106523, 901062, 962568, 1024306]"
2339,"[930283, 884945, 910673, 1133018, 981760]"
2340,"[1038663, 982211, 1106523, 981760, 1068719]"
2341,"[904129, 1106523, 1098284, 923746, 870547]"
2342,"[866548, 1029743, 7166865, 845208, 914190]"
2343,"[874972, 916122, 6534480, 914190, 916381]"
2344,"[1000753, 8090537, 1056509, 995242, 845208]"
2345,"[1103808, 1029743, 1137346, 1101173, 930917]"
2347,"[1065538, 1029743, 8090521, 1053690, 923746]"
2349,"[948670, 1070820, 839605, 961554, 923746]"
2350,"[6533765, 1029743, 910032, 981760, 844165]"
2351,"[6514287, 1048727, 909714, 979707, 1044895]"
2352,"[991205, 909714, 1006184, 961554, 923746]"
2354,"[12262778, 1126899, 913210, 961554, 979707]"
2359,"[6533765, 1106523, 1044078, 1043590, 1096036]"
2360,"[874972, 1029743, 909714, 981760, 923746]"
2361,"[874972, 1126899, 1053329, 1101173, 965766]"
2363,"[914240, 944137, 1070820, 981760, 961554]"
2364,"[849202, 5707857, 1817725, 995242, 981760]"
2366,"[948670, 1004906, 1044078, 1101173, 961554]"
2368,"[939891, 981086, 857540, 908531, 961554]"
2369,"[874972, 1029743, 914318, 981760, 965766]"
2370,"[848029, 1070820, 916122, 962568, 979707]"
2372,"[982469, 1029743, 995965, 1065593, 908531]"
2373,"[849202, 1407216, 1201344, 981760, 1053690]"
2374,"[1000753, 1070820, 1044078, 867188, 961554]"
2375,"[848029, 899624, 989069, 1068719, 951590]"
2376,"[874972, 1005186, 1057168, 961554, 981760]"
2377,"[1000753, 1055168, 893018, 981760, 923746]"
2378,"[1054402, 9527323, 1029743, 951590, 965766]"
2379,"[860248, 916122, 1005186, 995242, 961554]"
2380,"[948670, 1029743, 1122358, 9337581, 896369]"
2381,"[6533765, 906646, 895930, 909894, 939636]"
2385,"[982469, 873550, 1029743, 923746, 833025]"
2386,"[826666, 930137, 1009187, 995242, 859075]"
2387,"[848029, 940947, 917033, 995242, 961554]"
2388,"[982469, 1029743, 930137, 1065593, 965766]"
2389,"[6533765, 937736, 1029743, 1037863, 1065593]"
2392,"[6533765, 1004906, 895166, 934639, 1037863]"
2393,"[874972, 944836, 6391089, 1051516, 970030]"
2394,"[1088979, 998119, 9835509, 995242, 981760]"
2395,"[6533765, 5569230, 9420067, 844165, 961554]"
2397,"[919766, 5569792, 865026, 995242, 1024306]"
2399,"[6533765, 864048, 5570334, 1133018, 981760]"
2400,"[6533765, 916122, 1106523, 1003188, 930917]"
2401,"[848029, 1106523, 5585510, 1037863, 1068719]"
2404,"[948670, 1007210, 1032532, 995242, 981760]"
2405,"[6533765, 6602697, 1091383, 1065593, 979707]"
2406,"[849202, 1126899, 1127831, 908531, 859075]"
2407,"[12810391, 1029743, 878442, 890610, 5592931]"
2408,"[938138, 1029743, 908318, 951590, 981760]"
2410,"[5568152, 1037840, 1106523, 833025, 961554]"
2412,"[848029, 1106523, 984176, 5592931, 9526410]"
2416,"[12808385, 849697, 1044637, 923746, 833025]"
2418,"[874972, 1029743, 1100379, 883932, 914190]"
2420,"[6533765, 1004906, 999779, 934639, 1069621]"
2421,"[970747, 1126899, 5569471, 914190, 1027569]"
2424,"[874972, 916993, 908283, 979707, 1133018]"
2425,"[10457471, 1029743, 1085031, 970030, 979707]"
2426,"[874972, 1058404, 1043494, 951590, 1133018]"
2427,"[948670, 908318, 856252, 908531, 913785]"
2429,"[12810391, 1042942, 1029743, 981760, 1053690]"
2431,"[6533765, 993638, 991592, 1068719, 909894]"
2434,"[12731432, 1131344, 1106523, 909894, 1068719]"
2435,"[12731517, 828489, 1029743, 981760, 962568]"
2437,"[1048257, 7409618, 1070820, 961554, 1053690]"
2438,"[919766, 8090556, 892048, 981760, 961554]"
2439,"[6533765, 983584, 1126899, 903325, 1068719]"
2440,"[6533765, 1092937, 1106523, 951590, 5592931]"
2441,"[948670, 1029743, 898121, 951590, 1027569]"
2442,"[968072, 1126899, 7442180, 981760, 961554]"
2445,"[904129, 1029743, 1008212, 1065593, 896369]"
2446,"[948670, 1044259, 1271704, 981760, 979707]"
2447,"[904997, 916990, 1127831, 862349, 1022254]"
2448,"[1054402, 7168058, 1106523, 979707, 987562]"
2449,"[9677366, 1106523, 6979803, 962568, 1024306]"
2450,"[948670, 1070820, 1127831, 962568, 981760]"
2451,"[874972, 1076580, 1018822, 961554, 979707]"
2452,"[5591777, 1106523, 1081177, 951590, 928049]"
2453,"[12525270, 1136719, 6463504, 981760, 1058997]"
2455,"[867447, 1029743, 1131321, 1053690, 914190]"
2456,"[874972, 1126899, 5590613, 981760, 1136257]"
2457,"[874972, 1106523, 938118, 962568, 923746]"
2458,"[849202, 954146, 901062, 995242, 981760]"
2459,"[6533765, 1029743, 918638, 1136257, 921744]"
2460,"[6551861, 5569230, 9803601, 995242, 981760]"
2461,"[948670, 876624, 916993, 981760, 995242]"
2462,"[969725, 834932, 8293343, 1058997, 1051516]"
2464,"[948670, 1407216, 902811, 981760, 1024306]"
2465,"[1000753, 986912, 856252, 845208, 1022254]"
2466,"[965864, 1029743, 1006188, 1103629, 1043590]"
2467,"[1058754, 1126899, 8090536, 1003188, 859075]"
2470,"[948670, 12757065, 1057350, 1024306, 962568]"
2471,"[948670, 1034028, 1000328, 921744, 961554]"
2472,"[1013928, 1029743, 1081177, 923746, 962568]"
2475,"[1110111, 1070820, 5569471, 1136257, 908531]"
2477,"[1000753, 832001, 847745, 981760, 962568]"
2478,"[874972, 1005186, 932949, 951590, 1022254]"
2479,"[10342382, 1106523, 1040807, 908531, 865178]"
2481,"[874972, 1029743, 1132771, 951590, 883932]"
2482,"[1038663, 1106523, 983584, 981760, 859075]"
2483,"[874972, 6533936, 1048727, 981760, 1133018]"
2484,"[1108094, 1029743, 899624, 987562, 1044895]"
2485,"[849202, 5569471, 907631, 981760, 908531]"
2486,"[874972, 1029743, 916122, 965766, 951590]"
2488,"[874972, 911017, 916122, 995242, 1024306]"
2489,"[970747, 1029743, 1048727, 1003188, 970030]"
2492,"[6533765, 1106523, 933835, 1092026, 847982]"
2494,"[874972, 1033769, 1033046, 995242, 908531]"
2496,"[1000753, 916122, 5569230, 833025, 987562]"
2497,"[849202, 1135834, 897125, 961554, 1133018]"
2498,"[933354, 1070820, 1100379, 981760, 859075]"
2499,"[904129, 1070820, 5568378, 9526410, 952317]"
2500,"[1065538, 1063739, 6534030, 1136257, 862349]"
